,Tm,W,L,T,W-L%,PF,PA,PD,MoV,SoS,SRS,OSRS,DSRS,year,draft_order,head_coach_exp_yrs,superbowl,seed,made_playoffs
0,New York Jets,9,7,0,9,359,336,23.0,1.4,1.7,3.2,0.9,2.3,2002,11,1,0,4,1
1,New England Patriots,9,7,0,9,381,346,35.0,2.2,1.8,4.0,2.1,1.9,2002,1,11,0,0,0
2,Miami Dolphins,9,7,0,9,378,301,77.0,4.8,1.2,6.1,1.7,4.4,2002,8,9,0,0,0
3,Buffalo Bills,8,8,0,8,379,397,-18.0,-1.1,0.9,-0.3,2.1,-2.3,2002,29,1,0,0,0
4,Pittsburgh Steelers,10,5,1,10,390,345,45.0,2.8,-0.1,2.7,3.1,-0.4,2002,3,10,0,3,1
5,Cleveland Browns,9,7,0,9,344,320,24.0,1.5,-0.3,1.2,-0.4,1.7,2002,17,1,0,6,1
6,Baltimore Ravens,7,9,0,7,316,354,-38.0,-2.4,0.3,-2.1,-1.5,-0.6,2002,9,3,0,0,0
7,Cincinnati Bengals,2,14,0,2,279,456,-177.0,-11.1,0.6,-10.5,-3.6,-6.9,2002,23,2,0,0,0
8,Tennessee Titans,11,5,0,11,367,324,43.0,2.7,-0.9,1.8,1.6,0.1,2002,19,8,0,2,1
9,Indianapolis Colts,10,6,0,10,349,313,36.0,2.3,-1.1,1.2,0.4,0.7,2002,22,6,0,5,1
10,Jacksonville Jaguars,6,10,0,6,328,315,13.0,0.8,-1.0,-0.2,-1.3,1.1,2002,24,7,0,0,0
11,Houston Texans,4,12,0,4,213,356,-143.0,-8.9,-0.5,-9.4,-8.4,-1.1,2002,32,7,0,0,0
12,Las Vegas Raiders,11,5,0,11,450,304,146.0,9.1,1.5,10.6,6.3,4.3,2002,10,0,0,1,1
13,Denver Broncos,9,7,0,9,392,344,48.0,3.0,1.9,4.9,3.0,1.9,2002,14,14,0,0,0
14,Los Angeles Chargers,8,8,0,8,333,367,-34.0,-2.1,1.4,-0.7,-1.0,0.2,2002,28,18,0,0,0
15,Kansas City Chiefs,8,8,0,8,467,399,68.0,4.3,1.9,6.1,8.4,-2.3,2002,25,26,0,0,0
16,Philadelphia Eagles,12,4,0,12,415,241,174.0,10.9,-2.6,8.3,4.5,3.8,2002,7,3,0,1,1
17,New York Giants,10,6,0,10,320,279,41.0,2.6,-1.7,0.8,-2.2,3.0,2002,18,5,0,5,1
18,Washington Commanders,7,9,0,7,307,365,-58.0,-3.6,-0.8,-4.5,-2.2,-2.2,2002,15,0,0,0,0
19,Dallas Cowboys,5,11,0,5,217,329,-112.0,-7.0,-1.5,-8.5,-8.2,-0.3,2002,27,2,0,0,0
20,Green Bay Packers,12,4,0,12,398,328,70.0,4.4,-0.8,3.6,2.4,1.2,2002,5,2,0,3,1
21,Minnesota Vikings,6,10,0,6,390,442,-52.0,-3.3,0.2,-3.0,3.1,-6.1,2002,26,1,0,0,0
22,Chicago Bears,4,12,0,4,281,379,-98.0,-6.1,0.9,-5.3,-4.4,-0.9,2002,4,3,0,0,0
23,Detroit Lions,3,13,0,3,306,451,-145.0,-9.1,-0.1,-9.2,-2.5,-6.7,2002,30,1,0,0,0
24,Tampa Bay Buccaneers,12,4,0,12,346,196,150.0,9.4,-0.6,8.8,-1.0,9.8,2002,12,4,1,2,1
25,Atlanta Falcons,9,6,1,9,402,314,88.0,5.5,-0.4,5.1,3.5,1.5,2002,16,21,0,6,1
26,New Orleans Saints,9,7,0,9,432,388,44.0,2.8,-0.3,2.4,5.8,-3.3,2002,20,2,0,0,0
27,Carolina Panthers,7,9,0,7,258,302,-44.0,-2.8,-0.5,-3.3,-6.0,2.8,2002,31,0,0,0,0
28,San Francisco 49ers,10,6,0,10,367,351,16.0,1.0,-0.4,0.6,0.7,-0.1,2002,6,5,0,4,1
29,Los Angeles Rams,7,9,0,7,316,369,-53.0,-3.3,0.0,-3.3,-1.6,-1.8,2002,2,2,0,0,0
30,Seattle Seahawks,7,9,0,7,355,369,-14.0,-0.9,-0.4,-1.3,0.0,-1.2,2002,13,10,0,0,0
31,Arizona Cardinals,5,11,0,5,262,417,-155.0,-9.7,-0.2,-9.9,-5.4,-4.5,2002,21,2,0,0,0
32,New England Patriots,14,2,0,14,348,238,110.0,6.9,0.1,6.9,2.1,4.9,2003,14,12,1,1,1
33,Miami Dolphins,10,6,0,10,311,261,50.0,3.1,0.3,3.4,-0.7,4.1,2003,15,10,0,0,0
34,Buffalo Bills,6,10,0,6,243,279,-36.0,-2.3,1.3,-1.0,-5.0,4.0,2003,19,2,0,0,0
35,New York Jets,6,10,0,6,283,299,-16.0,-1.0,0.4,-0.6,-1.9,1.3,2003,11,2,0,0,0
36,Baltimore Ravens,10,6,0,10,391,281,110.0,6.9,-0.6,6.3,3.3,3.0,2003,23,4,0,4,1
37,Cincinnati Bengals,8,8,0,8,346,384,-38.0,-2.4,0.0,-2.4,1.1,-3.5,2003,32,0,0,0,0
38,Pittsburgh Steelers,6,10,0,6,300,327,-27.0,-1.7,0.6,-1.1,-2.5,1.4,2003,6,11,0,0,0
39,Cleveland Browns,5,11,0,5,254,322,-68.0,-4.3,1.3,-2.9,-5.3,2.4,2003,12,2,0,0,0
40,Indianapolis Colts,12,4,0,12,447,336,111.0,6.9,0.0,7.0,8.2,-1.2,2003,9,7,0,3,1
41,Tennessee Titans,12,4,0,12,435,324,111.0,6.9,-0.5,6.5,7.0,-0.5,2003,5,9,0,5,1
42,Jacksonville Jaguars,5,11,0,5,276,331,-55.0,-3.4,1.0,-2.4,-3.3,0.9,2003,26,0,0,0,0
43,Houston Texans,5,11,0,5,255,380,-125.0,-7.8,1.9,-6.0,-4.4,-1.5,2003,30,8,0,0,0
44,Kansas City Chiefs,13,3,0,13,484,332,152.0,9.5,-1.2,8.3,9.2,-0.9,2003,17,27,0,2,1
45,Denver Broncos,10,6,0,10,381,301,80.0,5.0,0.5,5.5,2.4,3.1,2003,13,15,0,6,1
46,Las Vegas Raiders,4,12,0,4,270,379,-109.0,-6.8,1.3,-5.5,-4.2,-1.3,2003,2,1,0,0,0
47,Los Angeles Chargers,4,12,0,4,313,441,-128.0,-8.0,1.2,-6.8,-0.6,-6.2,2003,18,19,0,0,0
48,Philadelphia Eagles,12,4,0,12,374,287,87.0,5.4,-1.0,4.4,2.9,1.5,2003,3,4,0,1,1
49,Dallas Cowboys,10,6,0,10,289,260,29.0,1.8,-2.3,-0.5,-3.2,2.7,2003,28,20,0,6,1
50,Washington Commanders,5,11,0,5,287,372,-85.0,-5.3,-0.4,-5.7,-1.9,-3.8,2003,20,1,0,0,0
51,New York Giants,4,12,0,4,243,387,-144.0,-9.0,0.4,-8.6,-4.8,-3.7,2003,8,6,0,0,0
52,Green Bay Packers,10,6,0,10,442,307,135.0,8.4,-0.3,8.1,6.2,1.9,2003,4,3,0,4,1
53,Minnesota Vikings,9,7,0,9,416,353,63.0,3.9,-1.0,2.9,4.0,-1.1,2003,24,2,0,0,0
54,Chicago Bears,7,9,0,7,283,346,-63.0,-3.9,0.4,-3.5,-4.2,0.7,2003,29,4,0,0,0
55,Detroit Lions,5,11,0,5,270,379,-109.0,-6.8,1.0,-5.8,-4.3,-1.6,2003,31,6,0,0,0
56,Carolina Panthers,11,5,0,11,325,304,21.0,1.3,-2.2,-0.9,-1.5,0.6,2003,25,1,0,3,1
57,New Orleans Saints,8,8,0,8,340,326,14.0,0.9,-1.1,-0.3,0.1,-0.4,2003,16,3,0,0,0
58,Tampa Bay Buccaneers,7,9,0,7,301,264,37.0,2.3,-0.7,1.6,-2.9,4.5,2003,1,5,0,0,0
59,Atlanta Falcons,5,11,0,5,299,422,-123.0,-7.7,0.3,-7.4,-2.0,-5.4,2003,10,18,0,0,0
60,Los Angeles Rams,12,4,0,12,447,328,119.0,7.4,-1.6,5.9,6.0,-0.2,2003,21,3,0,2,1
61,Seattle Seahawks,10,6,0,10,404,327,77.0,4.8,-0.7,4.1,3.6,0.5,2003,22,11,0,5,1
62,San Francisco 49ers,7,9,0,7,384,337,47.0,2.9,0.1,3.1,3.0,0.1,2003,7,8,0,0,0
63,Arizona Cardinals,4,12,0,4,225,452,-227.0,-14.2,1.6,-12.6,-6.3,-6.2,2003,27,3,0,0,0
64,New England Patriots,14,2,0,14,437,260,177.0,11.1,1.8,12.8,6.4,6.5,2004,1,13,1,2,1
65,New York Jets,10,6,0,10,333,261,72.0,4.5,2.1,6.6,0.5,6.0,2004,21,3,0,5,1
66,Buffalo Bills,9,7,0,9,395,284,111.0,6.9,1.1,8.1,4.6,3.5,2004,20,0,0,0,0
67,Miami Dolphins,4,12,0,4,275,354,-79.0,-4.9,2.7,-2.2,-2.7,0.5,2004,13,0,0,0,0
68,Pittsburgh Steelers,15,1,0,15,372,251,121.0,7.6,1.4,9.0,3.4,5.6,2004,22,12,0,1,1
69,Baltimore Ravens,9,7,0,9,317,268,49.0,3.1,3.1,6.1,-0.6,6.8,2004,12,5,0,0,0
70,Cincinnati Bengals,8,8,0,8,374,372,2.0,0.1,2.5,2.7,4.3,-1.6,2004,16,1,0,0,0
71,Cleveland Browns,4,12,0,4,276,390,-114.0,-7.1,3.7,-3.4,-1.5,-1.9,2004,26,4,0,0,0
72,Indianapolis Colts,12,4,0,12,522,351,171.0,10.7,0.7,11.4,11.7,-0.3,2004,4,8,0,3,1
73,Jacksonville Jaguars,9,7,0,9,261,280,-19.0,-1.2,1.9,0.8,-5.7,6.4,2004,24,1,0,0,0
74,Houston Texans,7,9,0,7,309,339,-30.0,-1.9,1.2,-0.6,-2.4,1.8,2004,23,9,0,0,0
75,Tennessee Titans,5,11,0,5,344,439,-95.0,-5.9,1.5,-4.4,0.3,-4.6,2004,6,10,0,0,0
76,Los Angeles Chargers,12,4,0,12,446,313,133.0,8.3,0.8,9.1,6.1,3.0,2004,32,20,0,4,1
77,Denver Broncos,10,6,0,10,381,304,77.0,4.8,1.0,5.9,1.6,4.3,2004,9,16,0,6,1
78,Kansas City Chiefs,7,9,0,7,483,435,48.0,3.0,2.3,5.3,10.0,-4.7,2004,3,28,0,0,0
79,Las Vegas Raiders,5,11,0,5,320,442,-122.0,-7.6,3.4,-4.3,-0.6,-3.7,2004,31,10,0,0,0
80,Philadelphia Eagles,13,3,0,13,386,260,126.0,7.9,-2.3,5.6,2.0,3.5,2004,5,5,0,1,1
81,New York Giants,6,10,0,6,303,347,-44.0,-2.8,-1.2,-3.9,-2.3,-1.6,2004,29,9,0,0,0
82,Dallas Cowboys,6,10,0,6,293,405,-112.0,-7.0,-0.8,-7.8,-3.0,-4.8,2004,11,21,0,0,0
83,Washington Commanders,6,10,0,6,240,265,-25.0,-1.6,-1.8,-3.4,-7.4,4.0,2004,28,23,0,0,0
84,Green Bay Packers,10,6,0,10,424,380,44.0,2.8,-2.4,0.3,4.3,-4.0,2004,8,4,0,3,1
85,Minnesota Vikings,8,8,0,8,405,395,10.0,0.6,-2.3,-1.7,3.0,-4.7,2004,14,3,0,6,1
86,Detroit Lions,6,10,0,6,296,350,-54.0,-3.4,-1.8,-5.2,-3.8,-1.4,2004,27,7,0,0,0
87,Chicago Bears,5,11,0,5,231,331,-100.0,-6.3,-2.0,-8.2,-8.5,0.3,2004,19,0,0,0,0
88,Atlanta Falcons,11,5,0,11,340,337,3.0,0.2,-2.4,-2.2,-1.8,-0.4,2004,25,18,0,2,1
89,New Orleans Saints,8,8,0,8,348,405,-57.0,-3.6,-2.0,-5.6,-1.2,-4.3,2004,15,4,0,0,0
90,Carolina Panthers,7,9,0,7,355,339,16.0,1.0,-1.7,-0.7,-0.8,0.1,2004,2,2,0,0,0
91,Tampa Bay Buccaneers,5,11,0,5,301,304,-3.0,-0.2,-2.5,-2.7,-4.0,1.3,2004,18,6,0,0,0
92,Seattle Seahawks,9,7,0,9,371,373,-2.0,-0.1,-2.8,-2.9,0.4,-3.3,2004,10,12,0,4,1
93,Los Angeles Rams,8,8,0,8,319,392,-73.0,-4.6,-1.4,-6.0,-2.2,-3.8,2004,7,4,0,5,1
94,Arizona Cardinals,6,10,0,6,284,322,-38.0,-2.4,-2.5,-4.9,-5.1,0.2,2004,30,12,0,0,0
95,San Francisco 49ers,2,14,0,2,259,452,-193.0,-12.1,-1.6,-13.6,-5.1,-8.6,2004,17,9,0,0,0
96,New England Patriots,10,6,0,10,379,338,41.0,2.6,0.6,3.1,3.7,-0.5,2005,1,14,0,4,1
97,Miami Dolphins,9,7,0,9,318,317,1.0,0.1,-0.8,-0.8,-1.1,0.3,2005,31,0,0,0,0
98,Buffalo Bills,5,11,0,5,271,367,-96.0,-6.0,0.2,-5.8,-4.0,-1.8,2005,13,1,0,0,0
99,New York Jets,4,12,0,4,240,355,-115.0,-7.2,0.8,-6.4,-5.2,-1.2,2005,7,4,0,0,0
100,Cincinnati Bengals,11,5,0,11,421,350,71.0,4.4,-0.6,3.8,6.5,-2.7,2005,16,2,0,3,1
101,Pittsburgh Steelers,11,5,0,11,389,258,131.0,8.2,-0.4,7.8,3.8,4.0,2005,3,13,1,6,1
102,Baltimore Ravens,6,10,0,6,265,299,-34.0,-2.1,0.3,-1.8,-3.5,1.7,2005,11,6,0,0,0
103,Cleveland Browns,6,10,0,6,232,301,-69.0,-4.3,0.1,-4.2,-6.0,1.7,2005,30,0,0,0,0
104,Indianapolis Colts,14,2,0,14,439,247,192.0,12.0,-1.2,10.8,5.6,5.2,2005,4,9,0,1,1
105,Jacksonville Jaguars,12,4,0,12,361,269,92.0,5.8,-1.0,4.8,1.1,3.7,2005,12,2,0,5,1
106,Tennessee Titans,4,12,0,4,299,421,-122.0,-7.6,0.1,-7.6,-2.0,-5.5,2005,27,11,0,0,0
107,Houston Texans,2,14,0,2,260,431,-171.0,-10.7,0.7,-10.0,-4.4,-5.7,2005,20,10,0,0,0
108,Denver Broncos,13,3,0,13,395,258,137.0,8.6,2.2,10.8,5.0,5.8,2005,8,17,0,2,1
109,Kansas City Chiefs,10,6,0,10,403,325,78.0,4.9,2.1,7.0,5.1,1.9,2005,18,29,0,0,0
110,Los Angeles Chargers,9,7,0,9,418,312,106.0,6.6,3.3,9.9,7.1,2.9,2005,5,21,0,0,0
111,Las Vegas Raiders,4,12,0,4,290,383,-93.0,-5.8,3.0,-2.8,-1.2,-1.6,2005,26,11,0,0,0
112,New York Giants,11,5,0,11,422,314,108.0,6.8,0.7,7.5,5.8,1.7,2005,21,10,0,4,1
113,Washington Commanders,10,6,0,10,359,293,66.0,4.1,1.9,6.0,2.6,3.4,2005,24,24,0,6,1
114,Dallas Cowboys,9,7,0,9,325,308,17.0,1.1,2.1,3.2,-0.1,3.2,2005,22,22,0,0,0
115,Philadelphia Eagles,6,10,0,6,310,388,-78.0,-4.9,2.6,-2.3,-0.7,-1.7,2005,2,6,0,0,0
116,Chicago Bears,11,5,0,11,260,202,58.0,3.6,-2.2,1.4,-5.2,6.6,2005,29,1,0,2,1
117,Minnesota Vikings,9,7,0,9,306,344,-38.0,-2.4,-1.1,-3.5,-1.4,-2.1,2005,15,4,0,0,0
118,Detroit Lions,5,11,0,5,254,345,-91.0,-5.7,-1.0,-6.7,-4.3,-2.4,2005,23,6,0,0,0
119,Green Bay Packers,4,12,0,4,298,344,-46.0,-2.9,-0.8,-3.7,-1.5,-2.2,2005,9,5,0,0,0
120,Tampa Bay Buccaneers,11,5,0,11,300,274,26.0,1.6,-2.6,-1.0,-2.8,1.8,2005,28,7,0,3,1
121,Carolina Panthers,11,5,0,11,391,259,132.0,8.3,-3.2,5.1,3.0,2.1,2005,19,3,0,5,1
122,Atlanta Falcons,8,8,0,8,351,341,10.0,0.6,-1.9,-1.2,1.1,-2.3,2005,6,19,0,0,0
123,New Orleans Saints,3,13,0,3,235,398,-163.0,-10.2,-0.9,-11.1,-6.2,-4.9,2005,17,5,0,0,0
124,Seattle Seahawks,13,3,0,13,452,271,181.0,11.3,-2.2,9.1,5.8,3.4,2005,10,13,0,1,1
125,Los Angeles Rams,6,10,0,6,363,429,-66.0,-4.1,-1.0,-5.1,1.3,-6.4,2005,14,0,0,0,0
126,Arizona Cardinals,5,11,0,5,311,387,-76.0,-4.8,-0.2,-5.0,-2.0,-3.0,2005,25,13,0,0,0
127,San Francisco 49ers,4,12,0,4,239,428,-189.0,-11.8,0.7,-11.1,-5.6,-5.5,2005,32,0,0,0,0
128,New England Patriots,12,4,0,12,385,237,148.0,9.3,1.0,10.2,4.3,5.9,2006,12,15,0,4,1
129,New York Jets,10,6,0,10,316,295,21.0,1.3,0.7,2.0,0.4,1.7,2006,29,0,0,5,1
130,Buffalo Bills,7,9,0,7,300,311,-11.0,-0.7,2.9,2.2,-0.2,2.4,2006,25,7,0,0,0
131,Miami Dolphins,6,10,0,6,260,283,-23.0,-1.4,2.1,0.7,-3.3,4.0,2006,17,1,0,0,0
132,Baltimore Ravens,13,3,0,13,353,201,152.0,9.5,-0.2,9.3,1.5,7.8,2006,20,7,0,2,1
133,Cincinnati Bengals,8,8,0,8,373,331,42.0,2.6,1.5,4.1,4.0,0.0,2006,9,3,0,0,0
134,Pittsburgh Steelers,8,8,0,8,353,315,38.0,2.4,1.0,3.4,3.0,0.4,2006,1,14,0,0,0
135,Cleveland Browns,4,12,0,4,238,356,-118.0,-7.4,1.5,-5.8,-4.5,-1.3,2006,21,1,0,0,0
136,Indianapolis Colts,12,4,0,12,427,360,67.0,4.2,1.7,5.9,6.9,-1.1,2006,3,10,1,3,1
137,Tennessee Titans,8,8,0,8,324,400,-76.0,-4.8,3.5,-1.3,1.0,-2.3,2006,30,12,0,0,0
138,Jacksonville Jaguars,8,8,0,8,371,274,97.0,6.1,1.4,7.5,2.6,4.9,2006,5,3,0,0,0
139,Houston Texans,6,10,0,6,267,366,-99.0,-6.2,1.7,-4.5,-3.2,-1.3,2006,32,0,0,0,0
140,Los Angeles Chargers,14,2,0,14,492,303,189.0,11.8,-1.6,10.2,10.0,0.2,2006,14,22,0,1,1
141,Kansas City Chiefs,9,7,0,9,331,315,16.0,1.0,0.0,1.0,0.4,0.6,2006,13,5,0,6,1
142,Denver Broncos,9,7,0,9,319,305,14.0,0.9,0.4,1.3,-0.8,2.1,2006,4,18,0,0,0
143,Las Vegas Raiders,2,14,0,2,168,332,-164.0,-10.3,0.6,-9.6,-10.3,0.7,2006,26,17,0,0,0
144,Philadelphia Eagles,10,6,0,10,398,328,70.0,4.4,-1.0,3.4,3.2,0.2,2006,19,7,0,3,1
145,Dallas Cowboys,9,7,0,9,425,350,75.0,4.7,-1.0,3.7,5.0,-1.3,2006,15,23,0,5,1
146,New York Giants,8,8,0,8,355,362,-7.0,-0.4,0.5,0.1,1.2,-1.1,2006,8,11,0,6,1
147,Washington Commanders,5,11,0,5,307,376,-69.0,-4.3,0.3,-4.0,-2.1,-2.0,2006,11,25,0,0,0
148,Chicago Bears,13,3,0,13,427,255,172.0,10.8,-2.9,7.9,4.9,3.0,2006,7,2,0,1,1
149,Green Bay Packers,8,8,0,8,301,366,-65.0,-4.1,-0.4,-4.4,-2.3,-2.1,2006,28,0,0,0,0
150,Minnesota Vikings,6,10,0,6,282,327,-45.0,-2.8,-1.3,-4.1,-3.7,-0.4,2006,16,0,0,0,0
151,Detroit Lions,3,13,0,3,305,398,-93.0,-5.8,-0.5,-6.4,-1.8,-4.6,2006,24,0,0,0,0
152,New Orleans Saints,10,6,0,10,413,322,91.0,5.7,-1.6,4.0,4.9,-0.9,2006,31,0,0,2,1
153,Carolina Panthers,8,8,0,8,270,305,-35.0,-2.2,-0.5,-2.7,-4.2,1.5,2006,6,4,0,0,0
154,Atlanta Falcons,7,9,0,7,292,328,-36.0,-2.3,-0.8,-3.0,-2.8,-0.2,2006,18,20,0,0,0
155,Tampa Bay Buccaneers,4,12,0,4,211,353,-142.0,-8.9,0.9,-7.9,-7.2,-0.8,2006,10,8,0,0,0
156,Seattle Seahawks,9,7,0,9,335,341,-6.0,-0.4,-3.2,-3.6,-1.7,-1.9,2006,2,14,0,4,1
157,Los Angeles Rams,8,8,0,8,367,381,-14.0,-0.9,-3.1,-4.0,0.8,-4.7,2006,22,0,0,0,0
158,San Francisco 49ers,7,9,0,7,298,412,-114.0,-7.1,-1.6,-8.7,-3.5,-5.2,2006,27,1,0,0,0
159,Arizona Cardinals,5,11,0,5,314,389,-75.0,-4.7,-2.2,-6.9,-2.6,-4.3,2006,23,14,0,0,0
160,New England Patriots,16,0,0,16,589,274,315.0,19.7,0.4,20.1,15.9,4.2,2007,5,16,0,1,1
161,Buffalo Bills,7,9,0,7,252,354,-102.0,-6.4,2.3,-4.1,-5.6,1.5,2007,21,8,0,0,0
162,New York Jets,4,12,0,4,268,355,-87.0,-5.4,1.7,-3.7,-4.0,0.3,2007,8,1,0,0,0
163,Miami Dolphins,1,15,0,1,267,437,-170.0,-10.6,2.3,-8.4,-4.1,-4.2,2007,24,0,0,0,0
164,Pittsburgh Steelers,10,6,0,10,393,269,124.0,7.8,-2.5,5.2,0.9,4.3,2007,18,0,0,4,1
165,Cleveland Browns,10,6,0,10,402,382,20.0,1.3,-2.3,-1.1,2.2,-3.3,2007,30,2,0,0,0
166,Cincinnati Bengals,7,9,0,7,380,385,-5.0,-0.3,-2.1,-2.4,1.6,-4.0,2007,15,4,0,0,0
167,Baltimore Ravens,5,11,0,5,275,384,-109.0,-6.8,0.1,-6.7,-5.0,-1.8,2007,4,8,0,0,0
168,Indianapolis Colts,13,3,0,13,450,262,188.0,11.8,0.3,12.0,6.6,5.4,2007,1,11,0,2,1
169,Jacksonville Jaguars,11,5,0,11,411,304,107.0,6.7,0.1,6.8,4.8,2.0,2007,16,4,0,5,1
170,Tennessee Titans,10,6,0,10,301,297,4.0,0.3,0.5,0.7,-2.9,3.6,2007,14,13,0,6,1
171,Houston Texans,8,8,0,8,379,384,-5.0,-0.3,0.3,0.0,2.5,-2.5,2007,25,1,0,0,0
172,Los Angeles Chargers,11,5,0,11,412,284,128.0,8.0,0.8,8.8,4.3,4.5,2007,3,13,0,3,1
173,Denver Broncos,7,9,0,7,320,409,-89.0,-5.6,1.6,-3.9,-0.2,-3.8,2007,12,19,0,0,0
174,Kansas City Chiefs,4,12,0,4,226,335,-109.0,-6.8,1.4,-5.5,-7.4,1.9,2007,10,6,0,0,0
175,Las Vegas Raiders,4,12,0,4,283,398,-115.0,-7.2,1.2,-6.0,-3.5,-2.5,2007,32,0,0,0,0
176,Dallas Cowboys,13,3,0,13,455,325,130.0,8.1,1.3,9.5,7.8,1.7,2007,11,22,0,1,1
177,New York Giants,10,6,0,10,373,351,22.0,1.4,1.9,3.3,2.8,0.4,2007,13,12,1,5,1
178,Washington Commanders,9,7,0,9,334,310,24.0,1.5,3.0,4.5,0.2,4.3,2007,27,26,0,6,1
179,Philadelphia Eagles,8,8,0,8,336,300,36.0,2.3,3.0,5.3,0.1,5.1,2007,7,8,0,0,0
180,Green Bay Packers,13,3,0,13,435,291,144.0,9.0,0.0,9.0,5.7,3.3,2007,17,1,0,2,1
181,Minnesota Vikings,8,8,0,8,365,311,54.0,3.4,0.4,3.8,1.4,2.4,2007,26,1,0,0,0
182,Detroit Lions,7,9,0,7,346,444,-98.0,-6.1,2.6,-3.6,1.4,-5.0,2007,31,1,0,0,0
183,Chicago Bears,7,9,0,7,334,348,-14.0,-0.9,2.1,1.2,-0.2,1.4,2007,2,3,0,0,0
184,Tampa Bay Buccaneers,9,7,0,9,334,270,64.0,4.0,-2.8,1.2,-2.3,3.6,2007,29,9,0,4,1
185,Carolina Panthers,7,9,0,7,267,347,-80.0,-5.0,-0.8,-5.8,-5.7,-0.1,2007,19,5,0,0,0
186,New Orleans Saints,7,9,0,7,379,388,-9.0,-0.6,-2.0,-2.5,1.9,-4.5,2007,6,1,0,0,0
187,Atlanta Falcons,4,12,0,4,259,414,-155.0,-9.7,-0.9,-10.6,-5.8,-4.8,2007,23,0,0,0,0
188,Seattle Seahawks,10,6,0,10,393,291,102.0,6.4,-4.6,1.8,0.8,0.9,2007,9,15,0,3,1
189,Arizona Cardinals,8,8,0,8,404,399,5.0,0.3,-4.3,-3.9,1.9,-5.9,2007,28,0,0,0,0
190,San Francisco 49ers,5,11,0,5,219,364,-145.0,-9.1,-2.9,-11.9,-9.9,-2.0,2007,22,2,0,0,0
191,Los Angeles Rams,3,13,0,3,263,438,-175.0,-10.9,-2.0,-13.0,-6.5,-6.5,2007,20,1,0,0,0
192,Miami Dolphins,11,5,0,11,345,317,28.0,1.8,-2.3,-0.5,-2.4,1.8,2008,32,0,0,3,1
193,New England Patriots,11,5,0,11,410,309,101.0,6.3,-2.4,3.9,2.3,1.6,2008,2,17,0,0,0
194,New York Jets,9,7,0,9,405,356,49.0,3.1,-2.8,0.2,2.2,-1.9,2008,27,2,0,0,0
195,Buffalo Bills,7,9,0,7,336,342,-6.0,-0.4,-3.0,-3.3,-2.8,-0.6,2008,22,9,0,0,0
196,Pittsburgh Steelers,12,4,0,12,347,223,124.0,7.8,2.0,9.8,1.6,8.2,2008,10,1,1,2,1
197,Baltimore Ravens,11,5,0,11,385,244,141.0,8.8,1.0,9.8,4.2,5.6,2008,25,0,0,6,1
198,Cincinnati Bengals,4,11,1,4,204,364,-160.0,-10.0,3.0,-7.0,-6.9,-0.1,2008,24,5,0,0,0
199,Cleveland Browns,4,12,0,4,232,350,-118.0,-7.4,2.7,-4.6,-5.2,0.6,2008,11,3,0,0,0
200,Tennessee Titans,13,3,0,13,375,234,141.0,8.8,0.1,8.9,1.5,7.5,2008,9,14,0,1,1
201,Indianapolis Colts,12,4,0,12,377,298,79.0,4.9,1.6,6.5,2.6,3.9,2008,4,12,0,5,1
202,Houston Texans,8,8,0,8,366,394,-28.0,-1.8,1.4,-0.4,2.8,-3.2,2008,15,2,0,0,0
203,Jacksonville Jaguars,5,11,0,5,302,367,-65.0,-4.1,1.6,-2.5,-2.1,-0.4,2008,7,5,0,0,0
204,Los Angeles Chargers,8,8,0,8,439,347,92.0,5.8,-0.8,5.0,5.0,0.0,2008,6,14,0,4,1
205,Denver Broncos,8,8,0,8,370,448,-78.0,-4.9,-0.9,-5.8,0.7,-6.5,2008,21,20,0,0,0
206,Las Vegas Raiders,5,11,0,5,263,388,-125.0,-7.8,0.3,-7.5,-6.5,-1.0,2008,29,0,0,0,0
207,Kansas City Chiefs,2,14,0,2,291,440,-149.0,-9.3,0.1,-9.2,-3.9,-5.3,2008,28,7,0,0,0
208,New York Giants,12,4,0,12,427,294,133.0,8.3,0.1,8.4,5.5,2.8,2008,1,13,0,1,1
209,Philadelphia Eagles,9,6,1,9,416,289,127.0,7.9,-0.1,7.8,4.7,3.2,2008,14,9,0,6,1
210,Dallas Cowboys,9,7,0,9,362,365,-3.0,-0.2,0.8,0.6,1.7,-1.2,2008,5,23,0,0,0
211,Washington Commanders,8,8,0,8,265,296,-31.0,-1.9,0.2,-1.8,-5.8,4.1,2008,12,0,0,0,0
212,Minnesota Vikings,10,6,0,10,379,333,46.0,2.9,1.2,4.0,1.1,2.9,2008,16,2,0,3,1
213,Chicago Bears,9,7,0,9,375,350,25.0,1.6,0.5,2.1,1.1,1.0,2008,19,4,0,0,0
214,Green Bay Packers,6,10,0,6,419,380,39.0,2.4,0.5,2.9,4.1,-1.2,2008,3,2,0,0,0
215,Detroit Lions,0,16,0,0,268,517,-249.0,-15.6,2.5,-13.1,-4.0,-9.1,2008,18,2,0,0,0
216,Carolina Panthers,12,4,0,12,414,329,85.0,5.3,0.3,5.6,2.8,2.9,2008,20,6,0,2,1
217,Atlanta Falcons,11,5,0,11,391,325,66.0,4.1,-0.3,3.8,1.3,2.5,2008,30,0,0,5,1
218,Tampa Bay Buccaneers,9,7,0,9,361,323,38.0,2.4,-0.1,2.3,-0.6,2.9,2008,13,10,0,0,0
219,New Orleans Saints,8,8,0,8,463,393,70.0,4.4,-0.3,4.0,6.8,-2.8,2008,23,2,0,0,0
220,Arizona Cardinals,9,7,0,9,427,426,1.0,0.1,-1.9,-1.9,4.1,-6.0,2008,17,1,0,4,1
221,San Francisco 49ers,7,9,0,7,339,381,-42.0,-2.6,-2.7,-5.3,-2.9,-2.4,2008,26,0,0,0,0
222,Seattle Seahawks,4,12,0,4,294,392,-98.0,-6.1,-1.5,-7.6,-4.9,-2.8,2008,8,16,0,0,0
223,Los Angeles Rams,2,14,0,2,232,465,-233.0,-14.6,-0.5,-15.1,-8.1,-7.0,2008,31,8,0,0,0
224,New England Patriots,10,6,0,10,427,285,142.0,8.9,2.3,11.2,6.7,4.5,2009,10,18,0,3,1
225,New York Jets,9,7,0,9,348,236,112.0,7.0,1.6,8.6,1.1,7.5,2009,16,0,0,5,1
226,Miami Dolphins,7,9,0,7,360,390,-30.0,-1.9,3.6,1.7,2.9,-1.2,2009,8,1,0,0,0
227,Buffalo Bills,6,10,0,6,258,326,-68.0,-4.3,2.4,-1.8,-4.5,2.7,2009,22,0,0,0,0
228,Cincinnati Bengals,10,6,0,10,305,291,14.0,0.9,-0.2,0.7,-2.5,3.2,2009,27,6,0,4,1
229,Baltimore Ravens,9,7,0,9,391,261,130.0,8.1,-0.7,7.5,2.6,4.9,2009,7,1,0,6,1
230,Pittsburgh Steelers,9,7,0,9,368,324,44.0,2.8,-1.1,1.7,1.0,0.7,2009,1,2,0,0,0
231,Cleveland Browns,5,11,0,5,245,375,-130.0,-8.1,-0.3,-8.4,-6.0,-2.4,2009,28,3,0,0,0
232,Indianapolis Colts,14,2,0,14,416,307,109.0,6.8,-0.9,5.9,4.4,1.5,2009,6,0,0,1,1
233,Houston Texans,9,7,0,9,388,333,55.0,3.4,-1.5,2.0,2.7,-0.7,2009,18,3,0,0,0
234,Tennessee Titans,8,8,0,8,354,402,-48.0,-3.0,0.2,-2.8,0.9,-3.6,2009,3,15,0,0,0
235,Jacksonville Jaguars,7,9,0,7,290,380,-90.0,-5.6,-0.9,-6.5,-3.8,-2.6,2009,25,6,0,0,0
236,Los Angeles Chargers,13,3,0,13,454,320,134.0,8.4,-1.7,6.6,6.4,0.2,2009,17,15,0,2,1
237,Denver Broncos,8,8,0,8,326,324,2.0,0.1,0.2,0.3,-1.0,1.3,2009,21,0,0,0,0
238,Las Vegas Raiders,5,11,0,5,197,379,-182.0,-11.4,1.1,-10.3,-8.7,-1.6,2009,26,1,0,0,0
239,Kansas City Chiefs,4,12,0,4,294,424,-130.0,-8.1,-0.3,-8.4,-2.5,-5.9,2009,30,0,0,0,0
240,Dallas Cowboys,11,5,0,11,361,250,111.0,6.9,0.2,7.1,0.4,6.7,2009,13,24,0,3,1
241,Philadelphia Eagles,11,5,0,11,429,337,92.0,5.8,0.2,6.0,5.8,0.2,2009,12,10,0,6,1
242,New York Giants,8,8,0,8,402,427,-25.0,-1.6,1.6,0.1,4.6,-4.5,2009,4,14,0,0,0
243,Washington Commanders,4,12,0,4,266,336,-70.0,-4.4,-0.2,-4.6,-5.5,1.0,2009,20,1,0,0,0
244,Minnesota Vikings,12,4,0,12,470,312,158.0,9.9,-2.7,7.2,6.6,0.6,2009,11,3,0,2,1
245,Green Bay Packers,11,5,0,11,461,297,164.0,10.3,-2.9,7.4,6.3,1.1,2009,24,3,0,5,1
246,Chicago Bears,7,9,0,7,327,375,-48.0,-3.0,-0.9,-3.9,-1.9,-2.0,2009,15,5,0,0,0
247,Detroit Lions,2,14,0,2,262,494,-232.0,-14.5,0.1,-14.4,-5.2,-9.2,2009,32,0,0,0,0
248,New Orleans Saints,13,3,0,13,510,341,169.0,10.6,0.2,10.8,11.2,-0.5,2009,19,3,1,1,1
249,Atlanta Falcons,9,7,0,9,363,325,38.0,2.4,2.7,5.0,2.7,2.3,2009,9,1,0,0,0
250,Carolina Panthers,8,8,0,8,315,308,7.0,0.4,3.5,3.9,-0.6,4.5,2009,5,7,0,0,0
251,Tampa Bay Buccaneers,3,13,0,3,244,400,-156.0,-9.8,4.1,-5.6,-4.6,-1.1,2009,14,0,0,0,0
252,Arizona Cardinals,10,6,0,10,375,325,50.0,3.1,-3.4,-0.3,0.1,-0.4,2009,2,2,0,4,1
253,San Francisco 49ers,8,8,0,8,330,281,49.0,3.1,-3.0,0.1,-2.9,3.0,2009,23,1,0,0,0
254,Seattle Seahawks,5,11,0,5,280,390,-110.0,-6.9,-2.4,-9.3,-5.0,-4.4,2009,29,23,0,0,0
255,Los Angeles Rams,1,15,0,1,175,436,-261.0,-16.3,-1.1,-17.4,-11.7,-5.8,2009,31,0,0,0,0
256,New England Patriots,14,2,0,14,518,313,205.0,12.8,2.6,15.4,12.6,2.8,2010,11,19,0,1,1
257,New York Jets,11,5,0,11,367,304,63.0,3.9,2.5,6.5,2.2,4.2,2010,4,1,0,6,1
258,Miami Dolphins,7,9,0,7,273,333,-60.0,-3.8,4.1,0.3,-2.8,3.1,2010,21,2,0,0,0
259,Buffalo Bills,4,12,0,4,283,425,-142.0,-8.9,4.3,-4.6,-1.5,-3.1,2010,24,12,0,0,0
260,Pittsburgh Steelers,12,4,0,12,375,232,143.0,8.9,1.3,10.2,2.5,7.7,2010,15,3,0,2,1
261,Baltimore Ravens,12,4,0,12,357,270,87.0,5.4,1.0,6.4,0.9,5.5,2010,8,2,0,5,1
262,Cleveland Browns,5,11,0,5,271,332,-61.0,-3.8,2.3,-1.5,-3.4,2.0,2010,26,4,0,0,0
263,Cincinnati Bengals,4,12,0,4,322,395,-73.0,-4.6,3.1,-1.4,0.4,-1.9,2010,12,7,0,0,0
264,Indianapolis Colts,10,6,0,10,435,388,47.0,2.9,-0.1,2.9,3.7,-0.9,2010,2,1,0,3,1
265,Jacksonville Jaguars,8,8,0,8,353,419,-66.0,-4.1,-0.4,-4.5,-1.2,-3.3,2010,23,7,0,0,0
266,Houston Texans,6,10,0,6,390,427,-37.0,-2.3,0.5,-1.8,1.8,-3.7,2010,13,4,0,0,0
267,Tennessee Titans,6,10,0,6,356,339,17.0,1.1,0.0,1.0,-0.9,1.9,2010,17,16,0,0,0
268,Kansas City Chiefs,10,6,0,10,366,326,40.0,2.5,-3.2,-0.7,-1.5,0.8,2010,28,1,0,4,1
269,Los Angeles Chargers,9,7,0,9,441,322,119.0,7.4,-2.6,4.8,3.2,1.6,2010,5,16,0,0,0
270,Las Vegas Raiders,8,8,0,8,410,371,39.0,2.4,-2.3,0.2,2.3,-2.2,2010,25,2,0,0,0
271,Denver Broncos,4,12,0,4,344,471,-127.0,-7.9,-1.0,-8.9,-1.1,-7.8,2010,19,0,0,0,0
272,Philadelphia Eagles,10,6,0,10,439,377,62.0,3.9,0.3,4.2,5.4,-1.2,2010,9,11,0,3,1
273,New York Giants,10,6,0,10,394,347,47.0,2.9,-0.8,2.1,1.7,0.4,2010,18,15,0,0,0
274,Dallas Cowboys,6,10,0,6,394,436,-42.0,-2.6,0.5,-2.2,2.5,-4.7,2010,6,0,0,0,0
275,Washington Commanders,6,10,0,6,302,377,-75.0,-4.7,0.9,-3.8,-3.4,-0.5,2010,29,22,0,0,0
276,Chicago Bears,11,5,0,11,334,286,48.0,3.0,1.1,4.1,-0.6,4.7,2010,22,6,0,2,1
277,Green Bay Packers,10,6,0,10,388,240,148.0,9.3,1.7,10.9,3.1,7.9,2010,10,4,1,6,1
278,Detroit Lions,6,10,0,6,362,369,-7.0,-0.4,2.3,1.9,2.4,-0.5,2010,31,1,0,0,0
279,Minnesota Vikings,6,10,0,6,281,348,-67.0,-4.2,2.6,-1.6,-3.3,1.7,2010,3,0,0,0,0
280,Atlanta Falcons,13,3,0,13,414,288,126.0,7.9,-1.8,6.1,3.8,2.2,2010,14,2,0,1,1
281,New Orleans Saints,11,5,0,11,384,307,77.0,4.8,-2.5,2.3,1.5,0.8,2010,1,4,0,5,1
282,Tampa Bay Buccaneers,10,6,0,10,341,318,23.0,1.4,-2.0,-0.6,-1.0,0.4,2010,30,1,0,0,0
283,Carolina Panthers,2,14,0,2,196,408,-212.0,-13.3,0.1,-13.2,-9.1,-4.1,2010,16,8,0,0,0
284,Seattle Seahawks,7,9,0,7,310,407,-97.0,-6.1,-3.4,-9.4,-3.9,-5.5,2010,27,16,0,4,1
285,Los Angeles Rams,7,9,0,7,289,328,-39.0,-2.4,-4.2,-6.7,-6.3,-0.4,2010,32,1,0,0,0
286,San Francisco 49ers,6,10,0,6,305,346,-41.0,-2.6,-3.3,-5.8,-4.7,-1.1,2010,20,0,0,0,0
287,Arizona Cardinals,5,11,0,5,289,434,-145.0,-9.1,-3.6,-12.7,-5.6,-7.1,2010,7,3,0,0,0
288,New England Patriots,13,3,0,13,513,342,171.0,10.7,-1.4,9.3,9.4,-0.1,2011,5,20,0,1,1
289,New York Jets,8,8,0,8,377,363,14.0,0.9,0.0,0.9,1.2,-0.3,2011,3,2,0,0,0
290,Miami Dolphins,6,10,0,6,329,313,16.0,1.0,-0.1,0.9,-2.2,3.2,2011,18,0,0,0,0
291,Buffalo Bills,6,10,0,6,372,434,-62.0,-3.9,0.5,-3.4,1.2,-4.5,2011,30,13,0,0,0
292,Baltimore Ravens,12,4,0,12,378,266,112.0,7.0,-0.9,6.1,2.6,3.5,2011,6,3,0,2,1
293,Pittsburgh Steelers,12,4,0,12,325,227,98.0,6.1,-0.8,5.3,-0.8,6.0,2011,2,4,0,5,1
294,Cincinnati Bengals,9,7,0,9,344,323,21.0,1.3,-0.9,0.5,0.7,-0.2,2011,29,8,0,6,1
295,Cleveland Browns,4,12,0,4,218,307,-89.0,-5.6,0.2,-5.4,-7.2,1.8,2011,27,0,0,0,0
296,Houston Texans,10,6,0,10,381,278,103.0,6.4,-1.9,4.5,1.4,3.2,2011,22,5,0,3,1
297,Tennessee Titans,9,7,0,9,325,317,8.0,0.5,-1.5,-1.0,-2.2,1.2,2011,25,0,0,0,0
298,Jacksonville Jaguars,5,11,0,5,243,329,-86.0,-5.4,-0.3,-5.6,-7.1,1.4,2011,17,0,0,0,0
299,Indianapolis Colts,2,14,0,2,243,430,-187.0,-11.7,0.4,-11.3,-6.0,-5.3,2011,11,2,0,0,0
300,Denver Broncos,8,8,0,8,309,390,-81.0,-5.1,-0.2,-5.3,-3.6,-1.7,2011,31,9,0,4,1
301,Los Angeles Chargers,8,8,0,8,406,377,29.0,1.8,-0.9,0.9,2.7,-1.8,2011,15,17,0,0,0
302,Las Vegas Raiders,8,8,0,8,359,433,-74.0,-4.6,-0.3,-4.9,0.2,-5.1,2011,16,0,0,0,0
303,Kansas City Chiefs,7,9,0,7,212,338,-126.0,-7.9,-0.2,-8.1,-10.2,2.1,2011,12,6,0,0,0
304,New York Giants,9,7,0,9,394,400,-6.0,-0.4,2.0,1.6,3.1,-1.5,2011,14,16,1,4,1
305,Philadelphia Eagles,8,8,0,8,396,328,68.0,4.3,0.5,4.7,3.1,1.7,2011,10,12,0,0,0
306,Dallas Cowboys,8,8,0,8,369,347,22.0,1.4,0.3,1.6,0.7,0.9,2011,24,1,0,0,0
307,Washington Commanders,5,11,0,5,288,367,-79.0,-4.9,0.8,-4.1,-4.3,0.2,2011,23,23,0,0,0
308,Green Bay Packers,15,1,0,15,560,359,201.0,12.6,-1.2,11.4,11.5,-0.1,2011,1,5,0,1,1
309,Detroit Lions,10,6,0,10,474,387,87.0,5.4,0.6,6.1,6.9,-0.8,2011,20,2,0,6,1
310,Chicago Bears,8,8,0,8,353,341,12.0,0.8,0.9,1.7,-1.5,3.1,2011,4,7,0,0,0
311,Minnesota Vikings,3,13,0,3,340,449,-109.0,-6.8,1.1,-5.7,-1.6,-4.1,2011,21,1,0,0,0
312,New Orleans Saints,13,3,0,13,547,339,208.0,13.0,-1.6,11.4,10.6,0.8,2011,9,5,0,3,1
313,Atlanta Falcons,10,6,0,10,402,350,52.0,3.3,0.3,3.5,1.8,1.7,2011,7,3,0,5,1
314,Carolina Panthers,6,10,0,6,406,429,-23.0,-1.4,0.1,-1.3,2.6,-3.9,2011,32,0,0,0,0
315,Tampa Bay Buccaneers,4,12,0,4,287,494,-207.0,-12.9,2.3,-10.6,-4.0,-6.6,2011,13,2,0,0,0
316,San Francisco 49ers,13,3,0,13,380,229,151.0,9.4,-1.1,8.3,1.7,6.6,2011,26,0,0,2,1
317,Arizona Cardinals,8,8,0,8,312,348,-36.0,-2.3,0.0,-2.2,-1.7,-0.5,2011,28,4,0,0,0
318,Seattle Seahawks,7,9,0,7,321,315,6.0,0.4,0.4,0.8,-0.5,1.3,2011,8,17,0,0,0
319,Los Angeles Rams,2,14,0,2,193,407,-214.0,-13.4,2.9,-10.4,-8.4,-2.1,2011,19,2,0,0,0
320,New England Patriots,12,4,0,12,557,331,226.0,14.1,-1.4,12.8,12.2,0.5,2012,2,21,0,2,1
321,Miami Dolphins,7,9,0,7,288,317,-29.0,-1.8,-0.8,-2.6,-5.5,2.9,2012,25,0,0,0,0
322,New York Jets,6,10,0,6,281,375,-94.0,-5.9,0.0,-5.9,-5.1,-0.9,2012,17,3,0,0,0
323,Buffalo Bills,6,10,0,6,344,435,-91.0,-5.7,-1.0,-6.7,-0.9,-5.8,2012,23,14,0,0,0
324,Baltimore Ravens,10,6,0,10,398,344,54.0,3.4,-0.5,2.9,1.9,1.0,2012,4,4,1,4,1
325,Cincinnati Bengals,10,6,0,10,391,320,71.0,4.4,-2.4,2.1,1.2,0.9,2012,12,9,0,6,1
326,Pittsburgh Steelers,8,8,0,8,336,314,22.0,1.4,-2.0,-0.7,-2.8,2.1,2012,9,5,0,0,0
327,Cleveland Browns,5,11,0,5,302,368,-66.0,-4.1,-1.2,-5.3,-4.6,-0.7,2012,29,1,0,0,0
328,Houston Texans,12,4,0,12,416,331,85.0,5.3,-1.8,3.5,1.8,1.7,2012,7,6,0,3,1
329,Indianapolis Colts,11,5,0,11,357,387,-30.0,-1.9,-2.8,-4.7,-1.9,-2.8,2012,32,0,0,5,1
330,Tennessee Titans,6,10,0,6,330,471,-141.0,-8.8,-1.2,-10.0,-2.6,-7.4,2012,13,1,0,0,0
331,Jacksonville Jaguars,2,14,0,2,255,444,-189.0,-11.8,-1.1,-13.0,-8.1,-4.9,2012,26,8,0,0,0
332,Denver Broncos,13,3,0,13,481,289,192.0,12.0,-1.9,10.1,6.3,3.8,2012,8,10,0,1,1
333,Los Angeles Chargers,7,9,0,7,350,350,0.0,0.0,-2.3,-2.3,-2.0,-0.4,2012,15,18,0,0,0
334,Las Vegas Raiders,4,12,0,4,290,443,-153.0,-9.6,-1.3,-10.8,-4.6,-6.2,2012,16,0,0,0,0
335,Kansas City Chiefs,2,14,0,2,211,425,-214.0,-13.4,-0.6,-14.0,-10.3,-3.7,2012,22,7,0,0,0
336,Washington Commanders,10,6,0,10,436,388,48.0,3.0,0.4,3.4,4.6,-1.2,2012,27,24,0,4,1
337,New York Giants,9,7,0,9,429,344,85.0,5.3,0.9,6.2,4.0,2.2,2012,1,17,0,0,0
338,Dallas Cowboys,8,8,0,8,376,400,-24.0,-1.5,1.8,0.3,1.4,-1.2,2012,19,2,0,0,0
339,Philadelphia Eagles,4,12,0,4,280,444,-164.0,-10.3,1.4,-8.9,-5.3,-3.6,2012,18,13,0,0,0
340,Green Bay Packers,11,5,0,11,433,336,97.0,6.1,1.2,7.3,4.9,2.4,2012,5,6,0,3,1
341,Minnesota Vikings,10,6,0,10,379,348,31.0,1.9,1.4,3.4,1.6,1.8,2012,30,2,0,6,1
342,Chicago Bears,10,6,0,10,375,277,98.0,6.1,0.8,6.9,1.0,6.0,2012,14,8,0,0,0
343,Detroit Lions,4,12,0,4,372,437,-65.0,-4.1,1.8,-2.3,2.1,-4.4,2012,10,3,0,0,0
344,Atlanta Falcons,13,3,0,13,419,299,120.0,7.5,-1.1,6.4,2.0,4.5,2012,11,4,0,1,1
345,Carolina Panthers,7,9,0,7,357,363,-6.0,-0.4,1.2,0.8,-0.5,1.3,2012,24,1,0,0,0
346,New Orleans Saints,7,9,0,7,461,454,7.0,0.4,1.0,1.4,6.5,-5.1,2012,6,7,0,0,0
347,Tampa Bay Buccaneers,7,9,0,7,389,394,-5.0,-0.3,0.3,0.0,1.3,-1.3,2012,28,0,0,0,0
348,San Francisco 49ers,11,4,1,11,397,273,124.0,7.8,2.5,10.2,3.5,6.7,2012,3,1,0,2,1
349,Seattle Seahawks,11,5,0,11,412,245,167.0,10.4,1.8,12.2,4.5,7.7,2012,21,18,0,5,1
350,Los Angeles Rams,7,8,1,7,299,348,-49.0,-3.1,3.4,0.4,-2.1,2.4,2012,31,18,0,0,0
351,Arizona Cardinals,5,11,0,5,250,357,-107.0,-6.7,3.5,-3.2,-4.8,1.6,2012,20,5,0,0,0
352,New England Patriots,12,4,0,12,444,338,106.0,6.6,-0.7,5.9,4.5,1.4,2013,4,22,0,2,1
353,New York Jets,8,8,0,8,290,387,-97.0,-6.1,0.0,-6.1,-4.7,-1.4,2013,24,4,0,0,0
354,Miami Dolphins,8,8,0,8,317,335,-18.0,-1.1,0.3,-0.8,-2.9,2.1,2013,21,1,0,0,0
355,Buffalo Bills,6,10,0,6,339,388,-49.0,-3.1,-0.1,-3.2,-1.3,-1.9,2013,25,0,0,0,0
356,Cincinnati Bengals,11,5,0,11,430,305,125.0,7.8,-2.5,5.4,2.3,3.0,2013,12,10,0,3,1
357,Pittsburgh Steelers,8,8,0,8,379,370,9.0,0.6,-2.5,-2.0,-0.9,-1.0,2013,16,6,0,0,0
358,Baltimore Ravens,8,8,0,8,320,352,-32.0,-2.0,-1.5,-3.5,-5.0,1.4,2013,1,5,0,0,0
359,Cleveland Browns,4,12,0,4,308,406,-98.0,-6.1,-1.6,-7.7,-4.8,-2.9,2013,27,0,0,0,0
360,Indianapolis Colts,11,5,0,11,391,336,55.0,3.4,0.6,4.0,1.7,2.3,2013,9,1,0,4,1
361,Tennessee Titans,7,9,0,7,362,381,-19.0,-1.2,0.4,-0.8,-0.2,-0.6,2013,23,2,0,0,0
362,Jacksonville Jaguars,4,12,0,4,247,449,-202.0,-12.6,1.5,-11.1,-7.1,-4.0,2013,31,0,0,0,0
363,Houston Texans,2,14,0,2,276,428,-152.0,-9.5,1.9,-7.6,-5.0,-2.6,2013,6,28,0,0,0
364,Denver Broncos,13,3,0,13,606,399,207.0,12.9,-1.6,11.4,14.1,-2.7,2013,5,11,0,1,1
365,Kansas City Chiefs,11,5,0,11,430,305,125.0,7.8,-1.7,6.1,1.7,4.3,2013,32,14,0,5,1
366,Los Angeles Chargers,9,7,0,9,396,348,48.0,3.0,-0.3,2.7,0.5,2.1,2013,22,0,0,6,1
367,Las Vegas Raiders,4,12,0,4,322,453,-131.0,-8.2,0.2,-8.0,-3.8,-4.2,2013,30,1,0,0,0
368,Philadelphia Eagles,10,6,0,10,442,382,60.0,3.8,-1.9,1.9,2.3,-0.5,2013,29,0,0,3,1
369,Dallas Cowboys,8,8,0,8,439,432,7.0,0.4,-1.1,-0.7,2.7,-3.4,2013,15,3,0,0,0
370,New York Giants,7,9,0,7,294,383,-89.0,-5.6,0.2,-5.4,-6.2,0.8,2013,14,18,0,0,0
371,Washington Commanders,3,13,0,3,334,478,-144.0,-9.0,-0.3,-9.3,-3.9,-5.4,2013,11,25,0,0,0
372,Green Bay Packers,8,7,1,8,417,428,-11.0,-0.7,-2.4,-3.1,0.5,-3.6,2013,7,7,0,4,1
373,Chicago Bears,8,8,0,8,445,478,-33.0,-2.1,-2.1,-4.1,3.0,-7.1,2013,13,0,0,0,0
374,Detroit Lions,7,9,0,7,395,376,19.0,1.2,-2.8,-1.6,-1.2,-0.5,2013,28,4,0,0,0
375,Minnesota Vikings,5,10,1,5,391,480,-89.0,-5.6,-1.1,-6.6,0.2,-6.9,2013,10,3,0,0,0
376,Carolina Panthers,12,4,0,12,366,241,125.0,7.8,1.4,9.2,0.6,8.6,2013,19,2,0,2,1
377,New Orleans Saints,11,5,0,11,414,304,110.0,6.9,1.9,8.8,3.8,5.0,2013,18,7,0,6,1
378,Atlanta Falcons,4,12,0,4,353,443,-90.0,-5.6,2.9,-2.8,1.2,-3.9,2013,3,5,0,0,0
379,Tampa Bay Buccaneers,4,12,0,4,288,389,-101.0,-6.3,3.6,-2.7,-2.9,0.3,2013,20,1,0,0,0
380,Seattle Seahawks,13,3,0,13,417,231,186.0,11.6,1.4,13.0,4.1,8.9,2013,8,19,1,1,1
381,San Francisco 49ers,12,4,0,12,406,272,134.0,8.4,1.8,10.1,3.5,6.6,2013,2,2,0,5,1
382,Arizona Cardinals,10,6,0,10,379,324,55.0,3.4,3.0,6.4,2.7,3.7,2013,26,0,0,0,0
383,Los Angeles Rams,7,9,0,7,348,364,-16.0,-1.0,3.2,2.2,0.4,1.8,2013,17,19,0,0,0
384,New England Patriots,12,4,0,12,468,313,155.0,9.7,1.3,10.9,7.5,3.5,2014,4,23,1,1,1
385,Buffalo Bills,9,7,0,9,343,289,54.0,3.4,1.6,4.9,-0.4,5.3,2014,24,1,0,0,0
386,Miami Dolphins,8,8,0,8,388,373,15.0,0.9,1.6,2.6,2.9,-0.4,2014,14,2,0,0,0
387,New York Jets,4,12,0,4,283,401,-118.0,-7.4,2.3,-5.0,-4.0,-1.0,2014,15,5,0,0,0
388,Pittsburgh Steelers,11,5,0,11,436,368,68.0,4.3,-2.0,2.2,4.4,-2.1,2014,18,7,0,3,1
389,Cincinnati Bengals,10,5,1,10,365,344,21.0,1.3,-0.6,0.7,-0.5,1.3,2014,9,11,0,5,1
390,Baltimore Ravens,10,6,0,10,409,302,107.0,6.7,-2.1,4.6,1.8,2.8,2014,16,6,0,6,1
391,Cleveland Browns,7,9,0,7,299,337,-38.0,-2.4,-1.5,-3.9,-4.8,0.9,2014,29,0,0,0,0
392,Indianapolis Colts,11,5,0,11,458,369,89.0,5.6,-1.1,4.4,5.2,-0.8,2014,7,2,0,4,1
393,Houston Texans,9,7,0,9,372,307,65.0,4.1,-2.3,1.7,-0.8,2.5,2014,32,0,0,0,0
394,Jacksonville Jaguars,3,13,0,3,249,412,-163.0,-10.2,-0.3,-10.5,-7.8,-2.7,2014,30,1,0,0,0
395,Tennessee Titans,2,14,0,2,254,438,-184.0,-11.5,-0.3,-11.8,-7.0,-4.9,2014,22,7,0,0,0
396,Denver Broncos,12,4,0,12,482,354,128.0,8.0,1.6,9.6,9.2,0.4,2014,2,12,0,2,1
397,Kansas City Chiefs,9,7,0,9,353,281,72.0,4.5,1.2,5.7,0.0,5.7,2014,10,15,0,0,0
398,Los Angeles Chargers,9,7,0,9,348,348,0.0,0.0,1.9,1.9,0.7,1.2,2014,8,1,0,0,0
399,Las Vegas Raiders,3,13,0,3,253,452,-199.0,-12.4,3.4,-9.0,-4.3,-4.7,2014,28,6,0,0,0
400,Dallas Cowboys,12,4,0,12,467,352,115.0,7.2,-1.8,5.4,5.3,0.1,2014,17,4,0,3,1
401,Philadelphia Eagles,10,6,0,10,474,400,74.0,4.6,-0.7,3.9,6.6,-2.7,2014,11,1,0,0,0
402,New York Giants,6,10,0,6,380,400,-20.0,-1.3,-0.4,-1.7,0.8,-2.5,2014,21,19,0,0,0
403,Washington Commanders,4,12,0,4,301,438,-137.0,-8.6,-0.2,-8.7,-4.0,-4.7,2014,31,0,0,0,0
404,Green Bay Packers,12,4,0,12,486,348,138.0,8.6,-0.3,8.3,7.9,0.4,2014,12,8,0,2,1
405,Detroit Lions,11,5,0,11,321,282,39.0,2.4,-0.4,2.1,-3.2,5.2,2014,23,5,0,6,1
406,Minnesota Vikings,7,9,0,7,325,343,-18.0,-1.1,-0.5,-1.7,-2.8,1.1,2014,25,0,0,0,0
407,Chicago Bears,5,11,0,5,319,442,-123.0,-7.7,1.0,-6.7,-2.0,-4.7,2014,19,1,0,0,0
408,Carolina Panthers,7,8,1,7,339,374,-35.0,-2.2,-0.9,-3.1,-2.4,-0.7,2014,5,3,0,4,1
409,New Orleans Saints,7,9,0,7,401,424,-23.0,-1.4,-1.5,-2.9,1.9,-4.8,2014,6,8,0,0,0
410,Atlanta Falcons,6,10,0,6,381,417,-36.0,-2.3,-1.6,-3.8,0.6,-4.4,2014,27,6,0,0,0
411,Tampa Bay Buccaneers,2,14,0,2,277,410,-133.0,-8.3,-1.5,-9.8,-6.5,-3.3,2014,26,10,0,0,0
412,Seattle Seahawks,12,4,0,12,394,254,140.0,8.8,0.8,9.5,2.4,7.1,2014,1,20,0,1,1
413,Arizona Cardinals,11,5,0,11,310,299,11.0,0.7,1.3,2.0,-2.4,4.4,2014,13,1,0,5,1
414,San Francisco 49ers,8,8,0,8,306,340,-34.0,-2.1,1.2,-1.0,-3.0,2.1,2014,3,3,0,0,0
415,Los Angeles Rams,6,10,0,6,324,354,-30.0,-1.9,1.0,-0.8,-1.2,0.4,2014,20,20,0,0,0
416,New England Patriots,12,4,0,12,465,315,150.0,9.4,-2.4,7.0,5.3,1.7,2015,1,24,0,2,1
417,New York Jets,10,6,0,10,387,314,73.0,4.6,-3.0,1.5,-0.5,2.0,2015,27,4,0,0,0
418,Buffalo Bills,8,8,0,8,379,359,20.0,1.3,-1.2,0.0,0.3,-0.2,2015,14,6,0,0,0
419,Miami Dolphins,6,10,0,6,310,389,-79.0,-4.9,-1.9,-6.8,-4.7,-2.2,2015,19,0,0,0,0
420,Cincinnati Bengals,12,4,0,12,419,279,140.0,8.8,1.9,10.6,4.8,5.8,2015,12,12,0,3,1
421,Pittsburgh Steelers,10,6,0,10,423,319,104.0,6.5,2.2,8.7,5.1,3.6,2015,11,8,0,6,1
422,Baltimore Ravens,5,11,0,5,328,401,-73.0,-4.6,2.6,-1.9,-0.7,-1.2,2015,7,7,0,0,0
423,Cleveland Browns,3,13,0,3,278,432,-154.0,-9.6,3.5,-6.1,-3.2,-2.9,2015,21,1,0,0,0
424,Houston Texans,9,7,0,9,339,313,26.0,1.6,-2.4,-0.8,-3.3,2.6,2015,17,1,0,4,1
425,Indianapolis Colts,8,8,0,8,333,408,-75.0,-4.7,-2.0,-6.7,-3.1,-3.6,2015,4,3,0,0,0
426,Jacksonville Jaguars,5,11,0,5,376,448,-72.0,-4.5,-3.0,-7.5,-0.7,-6.9,2015,30,2,0,0,0
427,Tennessee Titans,3,13,0,3,299,423,-124.0,-7.8,-2.8,-10.5,-5.9,-4.6,2015,31,11,0,0,0
428,Denver Broncos,12,4,0,12,355,296,59.0,3.7,2.1,5.8,0.3,5.5,2015,5,9,1,1,1
429,Kansas City Chiefs,11,5,0,11,405,287,118.0,7.4,1.6,9.0,3.7,5.3,2015,15,16,0,5,1
430,Las Vegas Raiders,7,9,0,7,359,399,-40.0,-2.5,2.3,-0.2,1.4,-1.6,2015,29,12,0,0,0
431,Los Angeles Chargers,4,12,0,4,320,398,-78.0,-4.9,2.2,-2.6,-1.5,-1.1,2015,16,2,0,0,0
432,Washington Commanders,9,7,0,9,388,379,9.0,0.6,-2.5,-1.9,-0.2,-1.8,2015,28,1,0,4,1
433,Philadelphia Eagles,7,9,0,7,377,430,-53.0,-3.3,-1.3,-4.6,-0.6,-4.0,2015,13,4,0,0,0
434,New York Giants,6,10,0,6,420,442,-22.0,-1.4,-2.2,-3.6,2.5,-6.1,2015,24,20,0,0,0
435,Dallas Cowboys,4,12,0,4,275,374,-99.0,-6.2,-0.7,-6.9,-7.0,0.1,2015,6,5,0,0,0
436,Minnesota Vikings,11,5,0,11,365,302,63.0,3.9,1.9,5.8,1.1,4.7,2015,22,1,0,3,1
437,Green Bay Packers,10,6,0,10,368,323,45.0,2.8,2.5,5.3,2.0,3.3,2015,3,9,0,5,1
438,Detroit Lions,7,9,0,7,358,400,-42.0,-2.6,2.4,-0.2,1.0,-1.3,2015,10,6,0,0,0
439,Chicago Bears,6,10,0,6,335,397,-62.0,-3.9,2.6,-1.3,-0.1,-1.2,2015,26,13,0,0,0
440,Carolina Panthers,15,1,0,15,500,308,192.0,12.0,-3.9,8.1,6.0,2.1,2015,8,4,0,1,1
441,Atlanta Falcons,8,8,0,8,339,345,-6.0,-0.4,-3.4,-3.8,-4.0,0.3,2015,25,0,0,0,0
442,New Orleans Saints,7,9,0,7,408,476,-68.0,-4.3,-2.3,-6.6,1.1,-7.6,2015,20,9,0,0,0
443,Tampa Bay Buccaneers,6,10,0,6,342,417,-75.0,-4.7,-3.0,-7.7,-3.5,-4.2,2015,32,11,0,0,0
444,Arizona Cardinals,13,3,0,13,489,313,176.0,11.0,1.3,12.3,9.0,3.4,2015,9,2,0,2,1
445,Seattle Seahawks,10,6,0,10,423,277,146.0,9.1,2.2,11.3,5.4,6.0,2015,2,21,0,6,1
446,Los Angeles Rams,7,9,0,7,280,330,-50.0,-3.1,3.0,-0.2,-3.8,3.6,2015,23,21,0,0,0
447,San Francisco 49ers,5,11,0,5,238,387,-149.0,-9.3,3.8,-5.5,-6.0,0.5,2015,18,5,0,0,0
448,New England Patriots,14,2,0,14,441,250,191.0,11.9,-2.7,9.3,4.3,5.0,2016,4,25,1,1,1
449,Miami Dolphins,10,6,0,10,363,380,-17.0,-1.1,-1.3,-2.4,-0.6,-1.8,2016,25,0,0,6,1
450,Buffalo Bills,7,9,0,7,399,378,21.0,1.3,-1.6,-0.3,1.8,-2.2,2016,14,0,0,0,0
451,New York Jets,5,11,0,5,275,409,-134.0,-8.4,-0.1,-8.5,-5.5,-3.0,2016,13,5,0,0,0
452,Pittsburgh Steelers,11,5,0,11,399,327,72.0,4.5,0.2,4.7,2.8,2.0,2016,8,9,0,3,1
453,Baltimore Ravens,8,8,0,8,343,321,22.0,1.4,0.2,1.5,-1.1,2.6,2016,27,8,0,0,0
454,Cincinnati Bengals,6,9,1,6,325,315,10.0,0.6,0.4,1.0,-1.5,2.5,2016,9,13,0,0,0
455,Cleveland Browns,1,15,0,1,264,452,-188.0,-11.8,1.7,-10.1,-5.2,-4.9,2016,31,5,0,0,0
456,Houston Texans,9,7,0,9,279,328,-49.0,-3.1,0.4,-2.6,-5.3,2.7,2016,11,2,0,4,1
457,Tennessee Titans,9,7,0,9,381,378,3.0,0.2,-1.2,-1.0,0.7,-1.7,2016,32,12,0,0,0
458,Indianapolis Colts,8,8,0,8,411,392,19.0,1.2,-0.8,0.4,3.1,-2.7,2016,15,4,0,0,0
459,Jacksonville Jaguars,3,13,0,3,318,400,-82.0,-5.1,0.2,-5.0,-2.7,-2.3,2016,28,3,0,0,0
460,Kansas City Chiefs,12,4,0,12,389,311,78.0,4.9,0.7,5.6,1.2,4.4,2016,5,17,0,2,1
461,Las Vegas Raiders,12,4,0,12,416,385,31.0,1.9,1.3,3.3,3.5,-0.3,2016,19,13,0,5,1
462,Denver Broncos,9,7,0,9,333,297,36.0,2.3,1.8,4.0,-2.0,6.1,2016,1,10,0,0,0
463,Los Angeles Chargers,5,11,0,5,410,423,-13.0,-0.8,0.9,0.1,3.0,-3.0,2016,30,3,0,0,0
464,Dallas Cowboys,13,3,0,13,421,306,115.0,7.2,-0.2,7.0,4.1,2.9,2016,29,6,0,1,1
465,New York Giants,11,5,0,11,310,284,26.0,1.6,0.5,2.1,-3.2,5.4,2016,23,0,0,5,1
466,Washington Commanders,8,7,1,8,396,383,13.0,0.8,1.2,2.0,3.3,-1.3,2016,12,2,0,0,0
467,Philadelphia Eagles,7,9,0,7,367,331,36.0,2.3,1.6,3.8,1.3,2.5,2016,20,0,0,0,0
468,Green Bay Packers,10,6,0,10,432,388,44.0,2.8,0.1,2.8,4.9,-2.0,2016,6,10,0,4,1
469,Detroit Lions,9,7,0,9,346,358,-12.0,-0.8,-0.6,-1.4,-1.3,-0.1,2016,17,7,0,6,1
470,Minnesota Vikings,8,8,0,8,327,307,20.0,1.3,-0.3,0.9,-2.6,3.6,2016,10,2,0,0,0
471,Chicago Bears,3,13,0,3,279,399,-120.0,-7.5,0.0,-7.5,-5.2,-2.3,2016,22,14,0,0,0
472,Atlanta Falcons,11,5,0,11,540,406,134.0,8.4,0.1,8.5,10.5,-2.0,2016,16,1,0,2,1
473,Tampa Bay Buccaneers,9,7,0,9,354,369,-15.0,-0.9,0.7,-0.2,-1.5,1.3,2016,24,0,0,0,0
474,New Orleans Saints,7,9,0,7,469,454,15.0,0.9,0.6,1.5,6.8,-5.3,2016,21,10,0,0,0
475,Carolina Panthers,6,10,0,6,369,402,-33.0,-2.1,1.1,-1.0,-0.2,-0.8,2016,2,5,0,0,0
476,Seattle Seahawks,10,5,1,10,354,292,62.0,3.9,-1.7,2.1,-2.4,4.5,2016,7,22,0,3,1
477,Arizona Cardinals,7,8,1,7,418,362,56.0,3.5,-1.9,1.6,2.4,-0.8,2016,3,3,0,0,0
478,Los Angeles Rams,4,12,0,4,224,394,-170.0,-10.6,-0.5,-11.1,-9.5,-1.6,2016,18,0,0,0,0
479,San Francisco 49ers,2,14,0,2,309,480,-171.0,-10.7,-0.5,-11.2,-3.7,-7.5,2016,26,3,0,0,0
480,New England Patriots,13,3,0,13,458,296,162.0,10.1,-1.2,8.9,6.3,2.6,2017,1,26,0,1,1
481,Buffalo Bills,9,7,0,9,302,359,-57.0,-3.6,-0.5,-4.0,-3.0,-1.0,2017,23,0,0,6,1
482,Miami Dolphins,6,10,0,6,281,393,-112.0,-7.0,0.7,-6.3,-3.9,-2.4,2017,11,1,0,0,0
483,New York Jets,5,11,0,5,298,382,-84.0,-5.3,0.3,-4.9,-2.9,-2.1,2017,27,6,0,0,0
484,Pittsburgh Steelers,13,3,0,13,406,308,98.0,6.1,-1.1,5.0,3.2,1.8,2017,3,10,0,2,1
485,Baltimore Ravens,9,7,0,9,395,303,92.0,5.8,-2.4,3.4,2.2,1.2,2017,17,9,0,0,0
486,Cincinnati Bengals,7,9,0,7,290,349,-59.0,-3.7,-1.3,-5.0,-4.1,-0.9,2017,24,14,0,0,0
487,Cleveland Browns,0,16,0,0,234,410,-176.0,-11.0,0.0,-11.0,-6.8,-4.1,2017,32,6,0,0,0
488,Jacksonville Jaguars,10,6,0,10,417,268,149.0,9.3,-2.8,6.5,3.0,3.6,2017,29,4,0,3,1
489,Tennessee Titans,9,7,0,9,334,356,-22.0,-1.4,-2.1,-3.5,-2.0,-1.5,2017,15,13,0,5,1
490,Indianapolis Colts,4,12,0,4,263,404,-141.0,-8.8,-1.3,-10.1,-6.1,-4.0,2017,18,5,0,0,0
491,Houston Texans,4,12,0,4,338,436,-98.0,-6.1,-0.3,-6.4,-0.8,-5.6,2017,8,3,0,0,0
492,Kansas City Chiefs,10,6,0,10,415,339,76.0,4.8,-1.3,3.4,3.8,-0.3,2017,6,18,0,4,1
493,Los Angeles Chargers,9,7,0,9,355,272,83.0,5.2,-1.5,3.6,-0.3,4.0,2017,26,1,0,0,0
494,Las Vegas Raiders,6,10,0,6,301,373,-72.0,-4.5,-0.2,-4.7,-3.0,-1.8,2017,9,14,0,0,0
495,Denver Broncos,5,11,0,5,289,382,-93.0,-5.8,-0.9,-6.7,-3.9,-2.9,2017,13,0,0,0,0
496,Philadelphia Eagles,13,3,0,13,457,295,162.0,10.1,-0.7,9.4,7.0,2.5,2017,21,1,1,1,1
497,Dallas Cowboys,9,7,0,9,354,332,22.0,1.4,0.2,1.6,0.4,1.2,2017,5,7,0,0,0
498,Washington Commanders,7,9,0,7,342,388,-46.0,-2.9,1.6,-1.3,0.5,-1.8,2017,16,3,0,0,0
499,New York Giants,3,13,0,3,246,388,-142.0,-8.9,1.3,-7.6,-6.4,-1.2,2017,10,8,0,0,0
500,Minnesota Vikings,13,3,0,13,382,252,130.0,8.1,1.0,9.1,2.3,6.8,2017,19,3,0,2,1
501,Detroit Lions,9,7,0,9,410,376,34.0,2.1,0.6,2.7,5.2,-2.5,2017,12,8,0,0,0
502,Green Bay Packers,7,9,0,7,320,384,-64.0,-4.0,2.1,-1.9,-0.3,-1.6,2017,4,11,0,0,0
503,Chicago Bears,5,11,0,5,264,320,-56.0,-3.5,2.2,-1.3,-4.6,3.3,2017,30,15,0,0,0
504,New Orleans Saints,11,5,0,11,448,326,122.0,7.6,1.5,9.2,7.0,2.2,2017,22,11,0,4,1
505,Carolina Panthers,11,5,0,11,363,327,36.0,2.3,2.1,4.3,1.7,2.7,2017,25,6,0,5,1
506,Atlanta Falcons,10,6,0,10,353,315,38.0,2.4,1.9,4.3,1.1,3.2,2017,2,2,0,6,1
507,Tampa Bay Buccaneers,5,11,0,5,335,382,-47.0,-2.9,1.7,-1.3,0.4,-1.7,2017,14,1,0,0,0
508,Los Angeles Rams,11,5,0,11,478,329,149.0,9.3,-0.2,9.2,8.2,1.0,2017,28,0,0,3,1
509,Seattle Seahawks,9,7,0,9,366,332,34.0,2.1,-0.2,1.9,0.7,1.2,2017,7,23,0,0,0
510,Arizona Cardinals,8,8,0,8,295,361,-66.0,-4.1,0.4,-3.7,-4.0,0.2,2017,20,4,0,0,0
511,San Francisco 49ers,6,10,0,6,331,383,-52.0,-3.3,0.4,-2.9,-0.8,-2.1,2017,31,0,0,0,0
512,New England Patriots,11,5,0,11,436,325,111.0,6.9,-1.8,5.2,3.1,2.1,2018,2,27,1,2,1
513,Miami Dolphins,7,9,0,7,319,433,-114.0,-7.1,-1.7,-8.8,-3.6,-5.2,2018,22,2,0,0,0
514,Buffalo Bills,6,10,0,6,269,374,-105.0,-6.6,-0.3,-6.9,-6.3,-0.6,2018,12,1,0,0,0
515,New York Jets,4,12,0,4,333,441,-108.0,-6.8,-1.1,-7.8,-2.0,-5.9,2018,27,7,0,0,0
516,Baltimore Ravens,10,6,0,10,389,287,102.0,6.4,0.6,7.0,0.6,6.4,2018,17,10,0,4,1
517,Pittsburgh Steelers,9,6,1,9,428,360,68.0,4.3,1.3,5.6,3.9,1.7,2018,5,11,0,0,0
518,Cleveland Browns,7,8,1,7,359,392,-33.0,-2.1,1.7,-0.3,-1.0,0.6,2018,32,17,0,0,0
519,Cincinnati Bengals,6,10,0,6,368,455,-87.0,-5.4,2.0,-3.4,0.0,-3.4,2018,21,15,0,0,0
520,Houston Texans,11,5,0,11,402,316,86.0,5.4,-1.5,3.8,2.4,1.4,2018,29,4,0,3,1
521,Indianapolis Colts,10,6,0,10,433,344,89.0,5.6,-2.2,3.4,3.9,-0.6,2018,30,0,0,6,1
522,Tennessee Titans,9,7,0,9,310,303,7.0,0.4,-0.2,0.2,-3.2,3.5,2018,8,0,0,0,0
523,Jacksonville Jaguars,5,11,0,5,245,316,-71.0,-4.4,0.4,-4.0,-8.1,4.0,2018,4,5,0,0,0
524,Kansas City Chiefs,12,4,0,12,565,421,144.0,9.0,-0.1,8.9,12.6,-3.8,2018,11,19,0,1,1
525,Los Angeles Chargers,12,4,0,12,428,329,99.0,6.2,-0.2,6.0,3.0,2.9,2018,16,2,0,5,1
526,Denver Broncos,6,10,0,6,329,349,-20.0,-1.3,0.7,-0.5,-3.6,3.1,2018,28,1,0,0,0
527,Las Vegas Raiders,4,12,0,4,290,467,-177.0,-11.1,1.8,-9.3,-5.2,-4.1,2018,23,20,0,0,0
528,Dallas Cowboys,10,6,0,10,339,324,15.0,0.9,0.2,1.1,-1.9,2.9,2018,14,8,0,4,1
529,Philadelphia Eagles,9,7,0,9,367,348,19.0,1.2,0.5,1.7,0.0,1.8,2018,1,2,0,6,1
530,Washington Commanders,7,9,0,7,281,359,-78.0,-4.9,-0.1,-4.9,-5.6,0.6,2018,20,4,0,0,0
531,New York Giants,5,11,0,5,369,412,-43.0,-2.7,0.5,-2.2,0.8,-2.9,2018,31,7,0,0,0
532,Chicago Bears,12,4,0,12,421,283,138.0,8.6,-2.3,6.3,1.5,4.8,2018,25,0,0,3,1
533,Minnesota Vikings,8,7,1,8,360,341,19.0,1.2,-0.6,0.6,-1.2,1.8,2018,3,4,0,0,0
534,Green Bay Packers,6,9,1,6,376,400,-24.0,-1.5,-1.2,-2.7,0.0,-2.7,2018,19,6,0,0,0
535,Detroit Lions,6,10,0,6,324,360,-36.0,-2.3,-0.8,-3.0,-3.3,0.3,2018,13,0,0,0,0
536,New Orleans Saints,13,3,0,13,504,353,151.0,9.4,0.6,10.1,7.9,2.2,2018,6,12,0,1,1
537,Atlanta Falcons,7,9,0,7,414,423,-9.0,-0.6,0.4,-0.1,2.5,-2.6,2018,7,3,0,0,0
538,Carolina Panthers,7,9,0,7,376,382,-6.0,-0.4,1.3,0.9,0.1,0.8,2018,9,7,0,0,0
539,Tampa Bay Buccaneers,5,11,0,5,396,464,-68.0,-4.3,1.7,-2.6,2.0,-4.6,2018,26,2,0,0,0
540,Los Angeles Rams,13,3,0,13,527,384,143.0,8.9,-0.4,8.5,9.5,-1.1,2018,10,1,0,2,1
541,Seattle Seahawks,10,6,0,10,428,347,81.0,5.1,-0.6,4.5,3.0,1.5,2018,15,24,0,5,1
542,San Francisco 49ers,4,12,0,4,342,435,-93.0,-5.8,0.3,-5.5,-2.5,-3.1,2018,24,1,0,0,0
543,Arizona Cardinals,3,13,0,3,225,425,-200.0,-12.5,1.0,-11.5,-9.6,-1.9,2018,18,0,0,0,0
544,New England Patriots,12,4,0,12,420,225,195.0,12.2,-1.8,10.4,2.8,7.6,2019,1,28,0,3,1
545,Buffalo Bills,10,6,0,10,314,259,55.0,3.4,-1.3,2.2,-3.5,5.7,2019,24,2,0,5,1
546,New York Jets,7,9,0,7,276,359,-83.0,-5.2,-1.1,-6.3,-5.7,-0.6,2019,30,3,0,0,0
547,Miami Dolphins,5,11,0,5,306,494,-188.0,-11.8,0.2,-11.6,-2.4,-9.1,2019,20,0,0,0,0
548,Baltimore Ravens,14,2,0,14,531,282,249.0,15.6,0.1,15.6,11.0,4.7,2019,11,11,0,1,1
549,Pittsburgh Steelers,8,8,0,8,289,303,-14.0,-0.9,1.2,0.3,-4.3,4.6,2019,13,12,0,0,0
550,Cleveland Browns,6,10,0,6,335,393,-58.0,-3.6,1.7,-1.9,-0.4,-1.5,2019,16,0,0,0,0
551,Cincinnati Bengals,2,14,0,2,279,420,-141.0,-8.8,1.5,-7.3,-4.4,-2.9,2019,22,0,0,0,0
552,Houston Texans,10,6,0,10,378,385,-7.0,-0.4,1.0,0.5,1.0,-0.5,2019,10,5,0,4,1
553,Tennessee Titans,9,7,0,9,402,331,71.0,4.4,-1.0,3.4,1.8,1.7,2019,14,1,0,6,1
554,Indianapolis Colts,7,9,0,7,361,373,-12.0,-0.8,-1.1,-1.8,-1.0,-0.8,2019,7,1,0,0,0
555,Jacksonville Jaguars,6,10,0,6,300,397,-97.0,-6.1,-0.6,-6.7,-4.6,-2.1,2019,26,6,0,0,0
556,Kansas City Chiefs,12,4,0,12,451,308,143.0,8.9,0.2,9.1,6.2,2.9,2019,4,20,1,2,1
557,Denver Broncos,7,9,0,7,282,316,-34.0,-2.1,0.0,-2.1,-4.8,2.7,2019,23,0,0,0,0
558,Las Vegas Raiders,7,9,0,7,313,419,-106.0,-6.6,-0.3,-6.9,-2.5,-4.4,2019,29,21,0,0,0
559,Los Angeles Chargers,5,11,0,5,337,345,-8.0,-0.5,-0.8,-1.3,-1.6,0.3,2019,5,3,0,0,0
560,Philadelphia Eagles,9,7,0,9,385,354,31.0,1.9,-1.7,0.3,0.7,-0.4,2019,8,3,0,4,1
561,Dallas Cowboys,8,8,0,8,434,321,113.0,7.1,-1.8,5.3,3.8,1.5,2019,6,9,0,0,0
562,New York Giants,4,12,0,4,341,451,-110.0,-6.9,-1.0,-7.9,-1.8,-6.1,2019,27,8,0,0,0
563,Washington Commanders,3,13,0,3,266,435,-169.0,-10.6,-0.2,-10.8,-6.3,-4.5,2019,18,17,0,0,0
564,Green Bay Packers,13,3,0,13,376,313,63.0,3.9,-0.7,3.2,0.6,2.6,2019,21,0,0,2,1
565,Minnesota Vikings,10,6,0,10,407,303,104.0,6.5,-1.1,5.4,2.5,2.9,2019,15,5,0,6,1
566,Chicago Bears,8,8,0,8,280,298,-18.0,-1.1,0.2,-0.9,-5.4,4.5,2019,9,1,0,0,0
567,Detroit Lions,3,12,1,3,341,423,-82.0,-5.1,-0.1,-5.2,-1.2,-4.0,2019,25,1,0,0,0
568,New Orleans Saints,13,3,0,13,458,341,117.0,7.3,0.0,7.4,5.0,2.3,2019,3,13,0,3,1
569,Atlanta Falcons,7,9,0,7,381,399,-18.0,-1.1,1.1,-0.1,0.3,-0.4,2019,19,4,0,0,0
570,Tampa Bay Buccaneers,7,9,0,7,458,449,9.0,0.6,-0.2,0.4,4.9,-4.5,2019,28,6,0,0,0
571,Carolina Panthers,5,11,0,5,340,470,-130.0,-8.1,1.1,-7.0,-1.9,-5.1,2019,17,10,0,0,0
572,San Francisco 49ers,13,3,0,13,479,310,169.0,10.6,0.4,11.0,6.7,4.3,2019,31,2,0,1,1
573,Seattle Seahawks,11,5,0,11,405,398,7.0,0.4,2.3,2.7,2.9,-0.2,2019,12,25,0,5,1
574,Los Angeles Rams,9,7,0,9,394,364,30.0,1.9,2.0,3.9,2.2,1.7,2019,2,2,0,0,0
575,Arizona Cardinals,5,10,1,5,361,442,-81.0,-5.1,1.8,-3.2,-0.3,-2.9,2019,32,0,0,0,0
576,Buffalo Bills,13,3,0,13,501,375,126.0,7.9,-0.2,7.7,7.1,0.6,2020,11,3,0,2,1
577,Miami Dolphins,10,6,0,10,404,338,66.0,4.1,-1.2,3.0,0.3,2.7,2020,28,1,0,0,0
578,New England Patriots,7,9,0,7,326,353,-27.0,-1.7,0.7,-1.0,-4.2,3.2,2020,10,29,0,0,0
579,New York Jets,2,14,0,2,243,457,-214.0,-13.4,1.9,-11.5,-8.7,-2.8,2020,22,4,0,0,0
580,Pittsburgh Steelers,12,4,0,12,416,312,104.0,6.5,-1.8,4.7,0.3,4.4,2020,15,13,0,3,1
581,Baltimore Ravens,11,5,0,11,468,303,165.0,10.3,-2.0,8.3,3.9,4.3,2020,5,12,0,5,1
582,Cleveland Browns,11,5,0,11,408,419,-11.0,-0.7,-1.9,-2.6,0.3,-2.8,2020,23,0,0,6,1
583,Cincinnati Bengals,4,11,1,4,311,424,-113.0,-7.1,-0.4,-7.5,-5.4,-2.1,2020,32,1,0,0,0
584,Tennessee Titans,11,5,0,11,491,439,52.0,3.3,-1.7,1.6,4.7,-3.1,2020,4,2,0,4,1
585,Indianapolis Colts,11,5,0,11,451,362,89.0,5.6,-2.8,2.8,1.2,1.6,2020,20,2,0,7,1
586,Houston Texans,4,12,0,4,384,464,-80.0,-5.0,-0.5,-5.5,-1.4,-4.1,2020,7,15,0,0,0
587,Jacksonville Jaguars,1,15,0,1,306,492,-186.0,-11.6,-0.1,-11.7,-6.5,-5.3,2020,24,7,0,0,0
588,Kansas City Chiefs,14,2,0,14,473,362,111.0,6.9,-0.1,6.8,4.5,2.3,2020,1,21,0,1,1
589,Las Vegas Raiders,8,8,0,8,434,478,-44.0,-2.8,0.8,-2.0,2.9,-4.9,2020,21,22,0,0,0
590,Los Angeles Chargers,7,9,0,7,384,426,-42.0,-2.6,-0.3,-2.9,-1.0,-2.0,2020,27,4,0,0,0
591,Denver Broncos,5,11,0,5,323,446,-123.0,-7.7,1.7,-6.0,-4.3,-1.7,2020,18,1,0,0,0
592,Washington Commanders,7,9,0,7,335,329,6.0,0.4,-1.2,-0.8,-4.1,3.2,2020,31,9,0,4,1
593,New York Giants,6,10,0,6,280,357,-77.0,-4.8,0.4,-4.4,-6.7,2.3,2020,29,0,0,0,0
594,Dallas Cowboys,6,10,0,6,395,473,-78.0,-4.9,-0.2,-5.1,1.0,-6.1,2020,16,14,0,0,0
595,Philadelphia Eagles,4,11,1,4,334,418,-84.0,-5.3,0.8,-4.4,-2.8,-1.6,2020,12,4,0,0,0
596,Green Bay Packers,13,3,0,13,509,369,140.0,8.8,-1.1,7.7,5.9,1.8,2020,3,1,0,1,1
597,Chicago Bears,8,8,0,8,372,370,2.0,0.1,0.1,0.2,-2.2,2.4,2020,14,2,0,7,1
598,Minnesota Vikings,7,9,0,7,430,475,-45.0,-2.8,0.4,-2.4,1.3,-3.8,2020,8,6,0,0,0
599,Detroit Lions,5,11,0,5,377,519,-142.0,-8.9,1.2,-7.7,-1.0,-6.7,2020,30,0,0,0,0
600,New Orleans Saints,12,4,0,12,482,337,145.0,9.1,0.5,9.6,5.1,4.5,2020,9,14,0,2,1
601,Tampa Bay Buccaneers,11,5,0,11,492,355,137.0,8.6,0.8,9.4,6.5,2.8,2020,19,7,1,5,1
602,Carolina Panthers,5,11,0,5,350,402,-52.0,-3.3,2.2,-1.1,-2.4,1.3,2020,26,0,0,0,0
603,Atlanta Falcons,4,12,0,4,396,414,-18.0,-1.1,1.9,0.7,-0.1,0.8,2020,17,11,0,0,0
604,Seattle Seahawks,12,4,0,12,459,371,88.0,5.5,0.0,5.5,4.8,0.7,2020,6,26,0,3,1
605,Los Angeles Rams,10,6,0,10,372,296,76.0,4.8,0.7,5.4,-0.8,6.2,2020,13,3,0,6,1
606,Arizona Cardinals,8,8,0,8,410,367,43.0,2.7,-0.1,2.6,1.5,1.0,2020,25,1,0,0,0
607,San Francisco 49ers,6,10,0,6,376,390,-14.0,-0.9,1.7,0.8,0.2,0.7,2020,2,3,0,0,0
608,Buffalo Bills,11,6,0,11,483,289,194.0,11.4,-1.6,9.8,5.0,4.8,2021,3,4,0,3,1
609,New England Patriots,10,7,0,10,462,303,159.0,9.4,-0.9,8.5,3.6,4.8,2021,18,30,0,6,1
610,Miami Dolphins,9,8,0,9,341,373,-32.0,-1.9,-0.8,-2.7,-3.1,0.3,2021,15,2,0,0,0
611,New York Jets,4,13,0,4,310,504,-194.0,-11.4,1.0,-10.4,-3.6,-6.7,2021,31,0,0,0,0
612,Cincinnati Bengals,10,7,0,10,460,376,84.0,4.9,-1.9,3.1,3.4,-0.3,2021,28,2,0,4,1
613,Pittsburgh Steelers,9,7,1,9,343,398,-55.0,-3.2,0.8,-2.5,-2.6,0.1,2021,9,14,0,7,1
614,Cleveland Browns,8,9,0,8,349,371,-22.0,-1.3,0.0,-1.3,-2.7,1.3,2021,7,1,0,0,0
615,Baltimore Ravens,8,9,0,8,387,392,-5.0,-0.3,0.0,-0.3,-0.3,0.0,2021,6,13,0,0,0
616,Tennessee Titans,12,5,0,12,419,354,65.0,3.8,-0.4,3.4,1.8,1.6,2021,11,3,0,1,1
617,Indianapolis Colts,9,8,0,9,451,365,86.0,5.1,-0.6,4.4,3.3,1.1,2021,12,3,0,0,0
618,Houston Texans,4,13,0,4,280,452,-172.0,-10.1,0.4,-9.7,-6.3,-3.4,2021,30,0,0,0,0
619,Jacksonville Jaguars,3,14,0,3,253,457,-204.0,-12.0,0.6,-11.4,-7.7,-3.7,2021,32,1,0,0,0
620,Kansas City Chiefs,12,5,0,12,480,364,116.0,6.8,0.6,7.4,5.4,2.0,2021,2,22,0,2,1
621,Las Vegas Raiders,10,7,0,10,374,439,-65.0,-3.8,0.6,-3.3,-0.7,-2.6,2021,16,0,0,5,1
622,Los Angeles Chargers,9,8,0,9,474,459,15.0,0.9,0.2,1.1,5.3,-4.2,2021,20,0,0,0,0
623,Denver Broncos,7,10,0,7,335,322,13.0,0.8,-1.3,-0.5,-4.7,4.2,2021,24,2,0,0,0
624,Dallas Cowboys,12,5,0,12,530,358,172.0,10.1,-0.2,9.9,8.2,1.7,2021,23,15,0,3,1
625,Philadelphia Eagles,9,8,0,9,444,385,59.0,3.5,-1.0,2.5,2.6,-0.1,2021,27,0,0,7,1
626,Washington Commanders,7,10,0,7,335,434,-99.0,-5.8,1.6,-4.2,-2.7,-1.5,2021,14,10,0,0,0
627,New York Giants,4,13,0,4,258,416,-158.0,-9.3,1.0,-8.3,-7.7,-0.6,2021,22,1,0,0,0
628,Green Bay Packers,13,4,0,13,450,371,79.0,4.6,-0.2,4.4,3.5,1.0,2021,4,2,0,1,1
629,Minnesota Vikings,8,9,0,8,425,426,-1.0,-0.1,0.3,0.3,1.9,-1.6,2021,19,7,0,0,0
630,Chicago Bears,6,11,0,6,311,407,-96.0,-5.6,0.5,-5.2,-4.9,-0.3,2021,13,3,0,0,0
631,Detroit Lions,3,13,1,3,325,467,-142.0,-8.4,0.6,-7.8,-3.5,-4.3,2021,26,6,0,0,0
632,Tampa Bay Buccaneers,13,4,0,13,511,353,158.0,9.3,-0.7,8.6,7.3,1.3,2021,1,8,0,2,1
633,New Orleans Saints,9,8,0,9,364,335,29.0,1.7,0.3,2.0,-1.5,3.6,2021,5,15,0,0,0
634,Atlanta Falcons,7,10,0,7,313,459,-146.0,-8.6,0.1,-8.5,-4.2,-4.3,2021,29,0,0,0,0
635,Carolina Panthers,5,12,0,5,304,404,-100.0,-5.9,0.4,-5.5,-5.0,-0.5,2021,25,1,0,0,0
636,Los Angeles Rams,12,5,0,12,460,372,88.0,5.2,0.1,5.3,4.2,1.1,2021,8,4,1,4,1
637,Arizona Cardinals,11,6,0,11,449,366,83.0,4.9,0.3,5.2,3.6,1.6,2021,17,2,0,5,1
638,San Francisco 49ers,10,7,0,10,427,365,62.0,3.6,0.1,3.8,1.8,1.9,2021,21,4,0,6,1
639,Seattle Seahawks,7,10,0,7,395,366,29.0,1.7,0.2,1.9,0.4,1.5,2021,10,27,0,0,0
640,Buffalo Bills,9,3,0,9,333,209,124.0,10.3,1.6,11.9,6.1,5.8,2022,8,5,0,2,1
641,Miami Dolphins,8,3,0,8,282,256,26.0,2.4,1.6,3.9,4.0,-0.1,2022,18,0,0,5,1
642,New York Jets,7,4,0,7,230,196,34.0,3.1,1.9,5.0,0.1,4.9,2022,29,1,0,7,1
643,New England Patriots,6,6,0,6,249,226,23.0,1.9,1.7,3.6,-0.7,4.4,2022,12,31,0,0,0
644,Baltimore Ravens,7,4,0,7,275,227,48.0,4.4,2.0,6.4,4.5,1.8,2022,19,14,0,4,1
645,Cincinnati Bengals,7,4,0,7,285,231,54.0,4.9,1.0,5.9,4.5,1.4,2022,2,3,0,6,1
646,Cleveland Browns,4,7,0,4,263,286,-23.0,-2.1,1.8,-0.3,3.2,-3.5,2022,20,2,0,0,0
647,Pittsburgh Steelers,4,7,0,4,194,261,-67.0,-6.1,3.1,-3.0,-2.5,-0.5,2022,13,15,0,0,0
648,Tennessee Titans,7,4,0,7,209,205,4.0,0.4,-0.4,0.0,-2.3,2.3,2022,7,4,0,3,1
649,Indianapolis Colts,4,7,1,4,190,244,-54.0,-4.5,-0.4,-4.9,-5.6,0.7,2022,17,0,0,0,0
650,Jacksonville Jaguars,4,7,0,4,244,232,12.0,1.1,-1.3,-0.2,0.1,-0.4,2022,32,6,0,0,0
651,Houston Texans,1,9,1,1,174,260,-86.0,-7.8,-0.9,-8.7,-6.1,-2.7,2022,30,18,0,0,0
652,Kansas City Chiefs,9,2,0,9,326,243,83.0,7.5,-1.4,6.1,7.7,-1.6,2022,3,23,0,1,1
653,Los Angeles Chargers,6,5,0,6,252,282,-30.0,-2.7,-1.1,-3.8,-0.7,-3.1,2022,16,1,0,0,0
654,Las Vegas Raiders,4,7,0,4,265,276,-11.0,-1.0,-2.6,-3.6,1.5,-5.2,2022,11,13,0,0,0
655,Denver Broncos,3,8,0,3,157,194,-37.0,-3.4,-1.9,-5.3,-8.5,3.2,2022,24,0,0,0,0
656,Philadelphia Eagles,10,1,0,10,303,216,87.0,7.9,-1.5,6.4,5.3,1.1,2022,14,1,0,1,1
657,Dallas Cowboys,8,3,0,8,279,187,92.0,8.4,-0.1,8.3,3.6,4.7,2022,9,16,0,5,1
658,New York Giants,7,4,0,7,225,232,-7.0,-0.6,0.1,-0.5,-2.0,1.4,2022,28,0,0,6,1
659,Washington Commanders,7,5,0,7,233,236,-3.0,-0.3,0.0,-0.2,-3.0,2.8,2022,22,11,0,7,1
660,Minnesota Vikings,9,2,0,9,262,257,5.0,0.5,1.6,2.0,2.2,-0.2,2022,21,0,0,2,1
661,Detroit Lions,4,7,0,4,275,310,-35.0,-3.2,2.5,-0.7,4.0,-4.7,2022,31,7,0,0,0
662,Green Bay Packers,4,8,0,4,235,283,-48.0,-4.0,2.7,-1.3,-0.4,-1.0,2022,5,3,0,0,0
663,Chicago Bears,3,9,0,3,251,305,-54.0,-4.5,1.2,-3.3,0.1,-3.3,2022,26,0,0,0,0
664,Tampa Bay Buccaneers,5,6,0,5,200,203,-3.0,-0.3,-0.4,-0.7,-5.0,4.3,2022,6,11,0,4,1
665,Atlanta Falcons,5,7,0,5,272,293,-21.0,-1.8,-1.6,-3.3,0.2,-3.5,2022,25,1,0,0,0
666,Carolina Panthers,4,8,0,4,230,266,-36.0,-3.0,-1.4,-4.4,-2.9,-1.5,2022,27,4,0,0,0
667,New Orleans Saints,4,8,0,4,249,280,-31.0,-2.6,-1.2,-3.8,-2.0,-1.7,2022,15,10,0,0,0
668,San Francisco 49ers,7,4,0,7,249,173,76.0,6.9,-3.3,3.6,-1.3,4.9,2022,4,5,0,3,1
669,Seattle Seahawks,6,5,0,6,291,281,10.0,0.9,-2.6,-1.7,3.4,-5.1,2022,23,28,0,0,0
670,Arizona Cardinals,4,8,0,4,264,321,-57.0,-4.8,-1.3,-6.1,-1.7,-4.4,2022,10,3,0,0,0
671,Los Angeles Rams,3,8,0,3,178,253,-75.0,-6.8,0.7,-6.1,-5.1,-1.0,2022,1,5,0,0,0
